generation,sigma2,sigma,b_mag,Vlin,Vquad,Ag
0,10.0,3.1622776601683795,1.0,10.0,0.5000000000000001,0.9523809523809523
1,6.833383333333334,2.6140740871928885,0.9950124791926823,6.765390033111004,0.23347563890138898,0.966640931567664
2,5.338635704591855,2.3105487886196765,0.990049833749168,5.23292363490901,0.1425051559317149,0.9734895277239034
3,4.5032889049436235,2.1220954042982196,0.9851119396030626,4.370196604081092,0.10139805480694172,0.977323961015698
4,3.9920777444878555,1.998018454491313,0.9801986733067553,3.8355461371789574,0.07968342359017623,0.9796478284725346
5,3.6616884528532783,1.9135538803109982,0.9753099120283326,3.4831057997085333,0.06703981162879519,0.9811163205771886
6,3.4405838577152688,1.8548810899125767,0.9704455335485082,3.2402198520187153,0.059188086409854415,0.9820609977564506
7,3.2891497028313674,1.8136013075732405,0.9656054162575665,3.066782855665453,0.054092528838178375,0.9826675140229023
8,3.183788837772739,1.784317471128033,0.9607894391523232,2.9390075195913243,0.05068255681763145,0.983047554922981
9,3.109686494559683,1.7634303203017927,0.9559974818330998,2.8420394637948614,0.04835075047223446,0.9832718951809438
10,3.057178707456422,1.74847896969235,0.951229424500714,2.766249688129381,0.0467317082466246,0.9833871250244208
11,3.0197825643417753,1.7377521584914735,0.9464851479534838,2.7052243023106466,0.04559543367951295,0.9834247831353803
12,2.9930591951346406,1.730046009542706,0.9417645335842487,2.6546053684691198,0.04479201672790012,0.9834066606963721
13,2.973923531152894,1.724506750103604,0.9370674633774034,2.6113886646124977,0.04422110584572451,0.9833480406881866
14,2.96020792929576,1.720525480571491,0.9323938199059482,2.5734811418261145,0.043814154923327464,0.9832597586608808
15,2.950377234640839,1.7176662174709145,0.9277434863285529,2.539413219318274,0.043523629133434626,0.983149557388705
16,2.943337954172028,1.7156159110278817,0.9231163463866358,2.5081471564762086,0.04331619156234791,0.9830230006652271
17,2.93830793401868,1.714149332473306,0.9185122844014574,2.478947024257569,0.04316826757558563,0.9828841021997017
18,2.934726021820876,1.7131042063519883,0.9139311852712282,2.4512892246804845,0.043063084115762935,0.9827357651267216
19,2.932188740831039,1.712363495532137,0.9093729344682314,2.424800261676114,0.04298865405928159,0.9825800927359822
20,2.9304055271137104,1.7118427284986522,0.9048374180359595,2.399213124037688,0.042936382766692927,0.9824186100617253
21,2.929166892626484,1.7114809062991279,0.9003245225862656,2.3743365369804748,0.042900093424295474,0.9822524229176886
22,2.9283216788565634,1.7112339637982188,0.8958341352965282,2.350033193763436,0.04287533927430662,0.9820823325746274
23,2.927760751435052,1.7110700603526006,0.8913661439068313,2.32620429710556,0.042858915088217715,0.9819089187373223
24,2.927405283644381,1.7109661842492332,0.8869204367171575,2.3027785567481063,0.042848508473545203,0.9817325997346913
25,2.9271983225919644,1.7109057024254624,0.8824969025845953,2.2797043458399244,0.04284245009892606,0.9815536762601127
26,2.927098710627619,1.7108765912910313,0.8780954309205613,2.2569441026329997,0.042839534308789354,0.9813723631994544
27,2.9270767002625613,1.710870158797143,0.8737159116880344,2.2344703313316185,0.04283889004609983,0.9811888128129639
28,2.9271107886916843,1.7108801210756073,0.8693582353988059,2.212262743532821,0.042839887846376275,0.9810031316312305
29,2.927185431634629,1.7109019351308914,0.8650222931107413,2.19030621403893,0.042842072755870056,0.9808153927756582
30,2.9272893916764415,1.7109323165094643,0.8607079764250578,2.16858931856221,0.04284511591310716,0.9806256449455746
31,2.9274145447221596,1.7109688906354081,0.8564151774836135,2.1471032874331812,0.04284877958325425,0.9804339189753907
32,2.927555017353879,1.7110099407525017,0.8521437889662113,2.1258412568317717,0.04285289189816937,0.9802402326195856
33,2.9277065632760317,1.7110542256971377,0.8478937040879159,2.1047977328635588,0.04285732860324777,0.980044594044829
34,2.9278661125471235,1.711100848152184,0.8436648165963837,2.0839682079333737,0.04286199986500903,0.9798470043787002
35,2.928031445701242,1.7111491593958845,0.8394570207692074,2.063348886107531,0.04286684073507653,0.9796474595699
36,2.9282009581491604,1.7111986904357894,0.835270211411272,2.0429364864791792,0.04287180425652831,0.9794459517459265
37,2.928373489844933,1.711249102218883,0.8311042838521256,2.0227281023642143,0.042876856480132966,0.9792424702039243
38,2.9285482021368194,1.7113001496338447,0.8269591339433623,2.0027211004595964,0.042881972861193995,0.9790370021337619
39,2.9287244887316497,1.7113516554851167,0.8228346580560184,1.9829130486068862,0.04288713565448233,0.9788295331456297
40,2.928901911323,1.7114034916766414,0.8187307530779818,1.963301664031905,0.04289233203075762,0.9786200476549437
41,2.92908015305132,1.7114555656082107,0.8146473164114145,1.943884776241837,0.04289755271499573,0.9784085291630717
42,2.929258984856574,1.711507810340512,0.8105842459701871,1.9246603004146934,0.04290279100181484,0.978194960462016
43,2.9294382411521607,1.7115601774849054,0.8065414401773269,1.9056262182997568,0.04290804204362333,0.9779793237835798
44,2.929617802238065,1.7116126320631269,0.8025187979624785,1.8867805644948616,0.042913302335950955,0.977761600908009
45,2.9297975815863886,1.7116651487911965,0.7985162187593771,1.8681214165728706,0.04291856934534726,0.9775417732430514
46,2.9299775166495,1.7117177093929654,0.794533602503334,1.8496468879638266,0.04292384124035787,0.9773198218814221
47,2.9301575622149523,1.7117703006580505,0.7905708496287356,1.8313551228100544,0.04292911669702737,0.9770957276425067
48,2.930337685601595,1.7118229130379097,0.7866278610665534,1.8132442922339111,0.04293439475828456,0.9768694711025604
49,2.930517863186794,1.711875539630961,0.7827045382418681,1.7953125916171453,0.04293967473228448,0.9766410326165091
50,2.930698077895957,1.711928175448946,0.7788007830714049,1.7775582386047815,0.04294495611891529,0.9764103923336245
51,2.93087831738773,1.7119808168866057,0.774916497961081,1.7599794716280652,0.04295023855666767,0.9761775302087252
52,2.9310585727421294,1.7120334613383377,0.7710515858035663,1.7425745487993862,0.04295552178422565,0.9759424260101173
53,2.93123883751222,1.7120861069210918,0.7672059499758557,1.7253417470738974,0.042960805612699965,0.9757050593251538
54,2.931419107038626,1.712138752274075,0.7633794943368531,1.7082793616024805,0.042966089905555685,0.9754654095640581
55,2.9315993779540275,1.712191396413972,0.7595721232249685,1.6913857052221288,0.04297137456410221,0.9752234559624834
56,2.931779647824988,1.7122440386302964,0.7557837414557255,1.6746591080451196,0.04297665951700406,0.9749791775831487
57,2.931959914893068,1.7122966784097515,0.7520142543193826,1.6580979171193597,0.04298194471269884,0.9747325533168046
58,2.9321401778876917,1.7123493153815583,0.7482635675785653,1.6417004961401063,0.04298723011391633,0.9744835618827115
59,2.9323204358908947,1.7124019492779419,0.7445315874659094,1.625465225198906,0.042992515693716836,0.9742321818287614
60,2.932500688239556,1.7124545799055682,0.7408182206817179,1.6093905005596096,0.04299780143262736,0.9739783915313452
61,2.932680934454744,1.7125072071249057,0.7371233743916278,1.5934747344542015,0.04300308731657177,0.9737221691950338
62,2.9328611741906423,1.7125598308353032,0.7334469562242892,1.5777163548932416,0.04300837333537458,0.9734634928521262
63,2.9330414071976376,1.7126124509642098,0.7297888742690568,1.562113805487194,0.0430136594816795,0.9732023403621011
64,2.933221633295645,1.7126650674593806,0.7261490370736909,1.5466655452759706,0.04301894575016786,0.9729386894110043
65,2.9334018523548275,1.7127176802832473,0.7225273536420722,1.5313700485647792,0.043024232136993676,0.9726725175107878
66,2.9335820642816586,1.712770289408845,0.7189237334319262,1.516225804764889,0.04302951863937519,0.9724038019986165
67,2.9337622690088505,1.7128228948168724,0.7153380863525599,1.5012313182383386,0.0430348052552998,0.9721325200361575
68,2.933942466488083,1.7128754964935669,0.7117703227626097,1.486385108145872,0.04304009198331088,0.9718586486088528
69,2.934122656684739,1.7129280944291674,0.7082203534678,1.471685708297583,0.043045378822353556,0.9715821645251906
70,2.9343028395741024,1.7129806886168046,0.7046880897187134,1.4571316670059014,0.04305066577166321,0.9713030444159707
71,2.9344830151386123,1.713033279051698,0.7011734432085724,1.4427215469406562,0.043055952830685015,0.9710212647335746
72,2.934663183365881,1.7130858657305772,0.697676326071031,1.4284539249860144,0.04306123999901585,0.9707368017512386
73,2.9348433442472555,1.7131384486512629,0.6941966508779789,1.4143273920991475,0.04306652727636208,0.9704496315623328
74,2.9350234977767835,1.7131910278123639,0.6907343306373547,1.4003405531705233,0.043071814662509325,0.97015973007965
75,2.9352036439504623,1.713243603213058,0.6872892787909722,1.3864920268857448,0.043077102157300366,0.9698670730347009
76,2.9353837827657,1.7132961748529354,0.6838614092123558,1.3727804455888664,0.043082389760619365,0.9695716359770223
77,2.935563914220923,1.7133487427318828,0.6804506362045877,1.3592044551471485,0.04308767747238035,0.9692733942734949
78,2.935744038315293,1.7134013068500014,0.6770568744981647,1.3457627148172024,0.04309296529251893,0.968972323107672
79,2.935924155048501,1.7134538672075479,0.6736800392488677,1.3324538971125106,0.04309825322098629,0.9686683974791234
80,2.936104264420625,1.7135064238048905,0.6703200460356393,1.3192766876722766,0.04310354125774492,0.9683615922027895
81,2.9362843664320186,1.7135589766424786,0.6669768108584744,1.3062297851316016,0.04310882940276541,0.9680518819083513
82,2.9364644610832373,1.7136115257208202,0.6636502501363194,1.293311900992958,0.043114117656024346,0.9677392410396131
83,2.9366445483749812,1.7136640710404654,0.6603402807049829,1.2805217594989386,0.04311940601750249,0.9674236438539
84,2.9368246283080515,1.7137166126019936,0.6570468198150567,1.2678580975062812,0.04312469448718363,0.967105064421472
85,2.937004700883329,1.7137691504060075,0.6537697851298473,1.2553196643611386,0.043129983065053876,0.9667834766249529
86,2.9371847661017467,1.7138216844531249,0.6505090947233165,1.2429052217755852,0.04313527175110087,0.966458854158774
87,2.937364823964277,1.713874214743975,0.6472646670780347,1.2306135437053525,0.04314056054531345,0.9661311705286378
88,2.9375448744719206,1.713926741279195,0.6440364210831413,1.2184434162287683,0.04314584944768127,0.9658003990509962
89,2.937724917625699,1.7139792640594282,0.6408242760323187,1.2063936374269035,0.04315113845819462,0.9654665128525474
90,2.9379049534266484,1.714031783085322,0.6376281516217733,1.1944630172648933,0.043156427576844195,0.965129484869751
91,2.9380849818758143,1.7140842983575266,0.6344479679482282,1.1826503774744417,0.043161716803621034,0.9647892878483623
92,2.9382650029742505,1.7141368098766943,0.631283645506926,1.1709545514374855,0.04316700613851637,0.9644458943429854
93,2.9384450167230165,1.714189317643479,0.6281351051896408,1.1593743840710076,0.04317229558152166,0.964099276716646
94,2.9386250231231754,1.7142418216585358,0.6250022682827008,1.14790873171299,0.04317758513262843,0.9637494071403855
95,2.938805022175793,1.7142943219225202,0.62188505646502,1.1365564620094941,0.04318287479182833,0.9633962575928747
96,2.938985013881937,1.714346818436088,0.6187833918061408,1.1253164538028595,0.04318816455911306,0.9630397998600512
97,2.939164998242674,1.714399311199895,0.6156971967642851,1.1141875970210038,0.0431934544344743,0.9626800055347754
98,2.9393449752590763,1.714451800214598,0.6126263941844161,1.1031687925678237,0.04319874441790391,0.962316846016513
99,2.939524944932212,1.7145042854808534,0.6095709072963093,1.0922589522146724,0.04320403450939363,0.9619502925110383
100,2.9397049072631543,1.7145567669993182,0.6065306597126334,1.0814569984929159,0.043209324708935355,0.9615803160301615
101,2.9398848622529705,1.7146092447706476,0.6035055754270405,1.0707618645875454,0.043214615016520845,0.9612068873914821
102,2.940064809902733,1.7146617187954984,0.6004955788122659,1.0601724942318487,0.04321990543214198,0.9608299772181651
103,2.9402447502135116,1.7147141890745268,0.5975005946182375,1.0496878416031175,0.04322519595579059,0.9604495559387444
104,2.940424683186378,1.7147666556083885,0.5945205479701943,1.0393068712193878,0.04323048658745856,0.9600655937869517
105,2.940604608822401,1.7148191183977397,0.5915553643668151,1.0290285578372005,0.04323577732713774,0.9596780608015735
106,2.940784527122652,1.714871577443236,0.5886049696783552,1.018851886350373,0.043241068174820006,0.9592869268263332
107,2.9409644380882005,1.7149240327455326,0.5856692901447937,1.0087758516897731,0.043246359130497236,0.9588921615098053
108,2.9411443417201166,1.7149764843052853,0.5827482523739896,0.9987994587240814,0.0432516501941613,0.9584937343053538
109,2.9413242380194697,1.7150289321231493,0.5798417833398464,0.9889217221615353,0.043256941365804075,0.9580916144711044
110,2.941504126987329,1.7150813761997794,0.5769498103804866,0.9791416664526456,0.04326223264541745,0.9576857710699438
111,2.9416840086247626,1.71513381653583,0.574072261196436,0.9694583256938741,0.04326752403299327,0.9572761729695529
112,2.941863882932841,1.7151862531319568,0.5712090638488149,0.9598707435322649,0.04327281552852348,0.9568627888424678
113,2.9420437499126324,1.7152386859888138,0.5683601467575404,0.9503779730710138,0.04327810713199993,0.9564455871661774
114,2.942223609565204,1.715291115107055,0.5655254386995371,0.9409790767759784,0.04328339884341449,0.9560245362232505
115,2.942403461891624,1.7153435404873345,0.5627048688069557,0.931673126383106,0.04328869066275908,0.9555996041014982
116,2.9425833068929608,1.7153959621303068,0.559898366565402,0.9224592028067816,0.04329398259002557,0.9551707586941719
117,2.942763144570283,1.7154483800366256,0.5571058618121739,0.9133363960490791,0.043299274625205914,0.9547379677001941
118,2.942942974924655,1.7155007942069438,0.5543272847345071,0.9043038051099088,0.043304566768291905,0.9543011986244272
119,2.9431227979571464,1.7155532046419155,0.5515625658678298,0.895360537898058,0.04330985901927551,0.9538604187779773
120,2.9433026136688234,1.715605611342194,0.5488116360940264,0.8865057111431057,0.04331515137814865,0.9534155952785384
121,2.943482422060752,1.7156580143084321,0.5460744266397094,0.8777384503082118,0.04332044384490317,0.9529666950507709
122,2.943662223133999,1.7157104135412826,0.5433508690744998,0.8690578895037653,0.043325736419531,0.9525136848267229
123,2.9438420168896293,1.715762809041398,0.5406408953093166,0.8604631714018899,0.04333102910202401,0.952056531146289
124,2.9440218033287096,1.7158152008094314,0.5379444375946745,0.8519534471517921,0.043336321892374144,0.951595200357711
125,2.944201582452304,1.7158675888460344,0.5352614285189903,0.8435278762959477,0.04334161479057326,0.951129658618119
126,2.9443813542614805,1.7159199731518602,0.5325918010068972,0.8351856266871157,0.043346907796613356,0.9506598718941169
127,2.944561118757301,1.7159723537275597,0.5299354883175684,0.826925874406173,0.04335220091048625,0.950185805962408
128,2.9447408759408322,1.7160247305737852,0.5272924240430485,0.8187478036807633,0.043357494132183906,0.949707426410467
129,2.944920625813138,1.7160771036911884,0.5246625421065929,0.8106506068047462,0.04336278746169823,0.9492246986372566
130,2.9451003683752823,1.7161294730804206,0.522045776761016,0.8026334840584467,0.043368080899021125,0.9487375878539877
131,2.9452801036283303,1.7161818387421335,0.5194420625870482,0.7946956436296925,0.043373374444144554,0.9482460590849294
132,2.945459831573345,1.7162342006769777,0.5168513344916992,0.786836301535628,0.04337866809706039,0.9477500771682635
133,2.9456395522113885,1.7162865588856042,0.5142735277066319,0.7790546815453077,0.043383961857760556,0.9472496067569888
134,2.945819265543525,1.7163389133686637,0.5117085777865424,0.771350015103049,0.043389255726236975,0.9467446123198738
135,2.945998971570818,1.7163912641268069,0.5091564206075492,0.7637215412525472,0.04339454970248159,0.9462350581424607
136,2.9461786702943282,1.7164436111606836,0.5066169923655895,0.7561685065617363,0.04339984378648629,0.9457209083281184
137,2.946358361715121,1.716495954470945,0.5040902295748255,0.7486901650483991,0.043405137978243066,0.9452021267991496
138,2.946538045834256,1.7165482940582406,0.5015760690660555,0.7412857781065043,0.04341043227774378,0.9446786772979486
139,2.946717722652796,1.71660062992322,0.49907444798513595,0.7339546144332806,0.0434157266849804,0.944150523388214
140,2.9468973921718025,1.7166529620665332,0.49658530379140947,0.726695949957004,0.043421021199944856,0.9436176284562158
141,2.947077054392337,1.7167052904888296,0.4941085742561417,0.7195090677655056,0.04342631582262908,0.9430799557121177
142,2.947256709315461,1.7167576151907586,0.4916441974609651,0.7123932580353813,0.043431610553025,0.9425374681913566
143,2.9474363569422346,1.7168099361729692,0.48919211179633154,0.7053478179619044,0.04343690539112456,0.9419901287560786
144,2.9476159972737186,1.7168622534361102,0.4867522559599717,0.6983720516896293,0.0434422003369197,0.9414379000966338
145,2.9477956303109734,1.7169145669808308,0.48432456895536247,0.6914652702436829,0.043447495390402345,0.9408807447331307
146,2.9479752560550594,1.716966876807779,0.48190899009020244,0.6846267914617339,0.04345279055156447,0.9403186250170509
147,2.9481548745070363,1.717019182917604,0.4795054589748941,0.6778559399266353,0.043458085820398,0.9397515031329241
148,2.9483344856679636,1.7170714853109534,0.4771139155210344,0.6711520468997327,0.043463381196894885,0.9391793411000666
149,2.948514089538901,1.7171237839884756,0.4747342999399124,0.6645144502548325,0.04346867668104708,0.938602100774382
150,2.9486936861209063,1.7171760789508181,0.4723665527410147,0.6579424944128217,0.043473972272846495,0.938019743850227
151,2.94887327541504,1.717228370198629,0.47001061473053796,0.6514355302769359,0.043479267972285136,0.9374322318623413
152,2.949052857422359,1.7172806577325557,0.46766642700990924,0.6449929151686649,0.043484563779354904,0.9368395261878449
153,2.9492324321439227,1.7173329415532455,0.46533393097431336,0.6386140127642947,0.0434898596940478,0.9362415880483015
154,2.9494119995807893,1.7173852216613457,0.46301306831122807,0.632298193032075,0.04349515571635575,0.9356383785118502
155,2.9495915597340154,1.717437498057503,0.4607037809989658,0.6260448321700075,0.043500451846270716,0.9350298584954067
156,2.94977111260466,1.7174897707423646,0.4584060113052235,0.6198533125442518,0.04350574808378467,0.9344159887669348
157,2.9499506581937807,1.7175420397165773,0.4561197017856392,0.6137230226281376,0.0435110444288896,0.9337967299477885
158,2.9501301965024336,1.7175943049807871,0.4538447952823558,0.6076533569417808,0.04351634088157745,0.9331720425151263
159,2.9503097275316748,1.7176465665356406,0.4515812349225922,0.6016437159922973,0.04352163744184013,0.9325418868043988
160,2.950489251282561,1.7176988243817835,0.44932896411722156,0.5956935062146069,0.043526934109669645,0.9319062230119105
161,2.9506687677561496,1.7177510785198622,0.4470879265593564,0.5898021399128233,0.04353223088505798,0.931265011197457
162,2.9508482769534963,1.7178033289505223,0.4448580662229411,0.5839690352022228,0.043537527767997096,0.9306182112870375
163,2.9510277788756554,1.7178555756744092,0.4426393273613511,0.5781936159517863,0.04354282475847893,0.9299657830756453
164,2.951207273523684,1.7179078186921684,0.44043165450599925,0.5724753117273119,0.04354812185649549,0.929307686230136
165,2.9513867608986377,1.7179600580044454,0.4382349924649492,0.5668135577350868,0.04355341906203877,0.9286438802921753
166,2.9515662410015704,1.7180122936118851,0.43604928632153556,0.5612077947661173,0.04355871637510071,0.9279743246812664
167,2.951745713833536,1.7180645255151321,0.4338744814329909,0.5556574691409111,0.04356401379567327,0.9272989786978587
168,2.951925179395591,1.7181167537148314,0.43171052342907973,0.5501620326548049,0.043569311323748465,0.9266178015265399
169,2.952104637688789,1.7181689782116278,0.42955735821073915,0.5447209425238314,0.0435746089593183,0.9259307522393081
170,2.952284088714184,1.7182211990061653,0.42741493194872665,0.5393336613311234,0.04357990670237471,0.9252377897989325
171,2.952463532472829,1.7182734160990878,0.42528319108227414,0.5339996569738464,0.0435852045529097,0.9245388730623947
172,2.9526429689657787,1.71832562949104,0.4231620823177488,0.5287184026106566,0.04359050251091525,0.9238339607844201
173,2.952822398194085,1.718377839182665,0.4210515526273212,0.523489376609678,0.043595800576383355,0.9231230116210928
174,2.9530018201588017,1.718430045174607,0.418951549247639,0.5183120624969939,0.04360109874930598,0.9224059841335616
175,2.9531812348609803,1.7184822474675088,0.4168620196785084,0.5131859489056476,0.043606397029675135,0.9216828367918324
176,2.953360642301675,1.7185344460620144,0.4147829116815814,0.5081105295251487,0.04361169541748282,0.9209535279786535
177,2.9535400424819374,1.718586640958767,0.41271417327904963,0.503085303051475,0.04361699391272103,0.9202180159934877
178,2.953719435402819,1.7186388321584087,0.4106557527523455,0.49810977313757343,0.04362229251538175,0.9194762590565811
179,2.9538988210653727,1.7186910196615832,0.40860759864084845,0.4931834483443461,0.043627591225457,0.9187282153131205
180,2.954078199470649,1.7187432034689327,0.4065696597405991,0.4883058420921244,0.043632890042938764,0.9179738428374867
181,2.954257570619699,1.7187953835810996,0.4045418851030188,0.48347647261262044,0.04363818896781904,0.9172130996376019
182,2.9544369345135735,1.7188475599987258,0.40252422403363597,0.4786948629013545,0.04364348800008981,0.9164459436593724
183,2.9546162911533242,1.7188997327224542,0.4005166260908188,0.47396054067055327,0.043648787139743135,0.9156723327912274
184,2.9547956405400013,1.718951901752926,0.39851904108451414,0.469273038302513,0.04365408638677099,0.9148922248687562
185,2.9549749826746536,1.7190040670907831,0.39653141907499284,0.4646318928034234,0.04365938574116535,0.9141055776794418
186,2.955154317558332,1.719056228736667,0.3945537103716011,0.46003664575764946,0.04366468520291826,0.9133123489674946
187,2.955333645192087,1.7191083866912193,0.39258586553151836,0.4554868432824648,0.04366998477202174,0.912512496438785
188,2.9555129655769674,1.7191605409550812,0.3906278353585211,0.45098203598323094,0.043675284448467806,0.9117059777658776
189,2.9556922787140216,1.7192126915288932,0.388679570901753,0.446521778909022,0.04368058423224844,0.9108927505931663
190,2.9558715846042993,1.7192648384132967,0.3867410234545012,0.4421056315086873,0.04368588412335567,0.9100727725421104
191,2.9560508832488495,1.7193169816089322,0.3848121445529785,0.4377331575873478,0.04369118412178152,0.909246001216575
192,2.95623017464872,1.7193691211164401,0.382892885975112,0.4334039252633232,0.04369648422751802,0.9084123942082744
193,2.9564094588049583,1.7194212569364606,0.38098319973933725,0.4291175069254848,0.04370178444055714,0.90757190910232
194,2.956588735718614,1.7194733890696343,0.37908303810339883,0.4248734791910299,0.043707084760890975,0.9067245034828726
195,2.9567680053907335,1.7195255175166007,0.37719235356315695,0.4206714228636742,0.0437123851885115,0.9058701349389011
196,2.9569472678223656,1.719577642278,0.3753110988513995,0.41651092289225666,0.04371768572341077,0.9050087610700468
197,2.957126523014556,1.7196297633544715,0.37343922693666093,0.41239156832975443,0.043722986365580786,0.9041403394925955
198,2.957305770968352,1.719681880746655,0.3715766910220457,0.40831295229270226,0.0437282871150136,0.9032648278455561
199,2.957485011684801,1.7197339944551893,0.369723444544059,0.4042746719210139,0.043733587971701245,0.9023821837968475
200,2.957664245164949,1.719786104480714,0.36787944117144233,0.4002763283382007,0.04373888893563575,0.9014923650495952
201,2.9578434714098414,1.7198382108238675,0.3660446348040153,0.3963175266119818,0.04374419000680912,0.9005953293485353
202,2.958022690420525,1.7198903134852888,0.3642189795715233,0.3923978757152876,0.04374949118521341,0.8996910344865292
203,2.958201902198045,1.7199424124656166,0.36240242983249027,0.38851698848764366,0.043754792470840666,0.8987794383111884
204,2.958381106743447,1.719994507765489,0.3605949401730783,0.3846744815969414,0.043760093863682924,0.8978604987316092
205,2.9585603040577775,1.720046599385545,0.3587964654059516,0.38086997550158275,0.04376539536373225,0.8969341737252179
206,2.9587394941420797,1.720098687326422,0.3570069605691474,0.37710309441300177,0.04377069697098066,0.8960004213447288
207,2.9589186769973983,1.7201507715887576,0.3552263809249515,0.3733734662585558,0.043775998685420175,0.8950591997252126
208,2.9590978526247778,1.72020285217319,0.35345468195878016,0.3696807226447831,0.04378130050704287,0.8941104670912761
209,2.9592770210252635,1.7202549290803568,0.35169181937806687,0.36602449882102484,0.0437866024358408,0.8931541817643545
210,2.959456182199898,1.720307002310895,0.3499377491111553,0.3624044336434055,0.043791904471806,0.8921903021701169
211,2.9596353361497254,1.720359071865442,0.3481924273061976,0.35882016953917073,0.043797206614930494,0.8912187868459827
212,2.9598144828757897,1.7204111377446352,0.3464558103300574,0.35527135247137615,0.0438025088652064,0.8902395944487504
213,2.959993622379133,1.7204631999491105,0.3447278547672202,0.3517576319039275,0.04380781122262571,0.889252683762342
214,2.9601727546607997,1.7205152584795056,0.34300851741870664,0.348278660766964,0.04381311368718054,0.8882580137056547
215,2.9603518797218307,1.720567313336456,0.3412977553009937,0.3448340954225861,0.04381841625886289,0.887255543340531
216,2.9605309975632697,1.720619364520599,0.3395955256449391,0.34142359563092,0.043823718937664846,0.8862452318798371
217,2.9607101081861575,1.7206714120325697,0.33790178589471304,0.33804682451652035,0.04382902172357845,0.8852270386956561
218,2.960889211591538,1.7207234558730051,0.3362164937067333,0.33470344853510214,0.04383432461659581,0.8842009233275927
219,2.961068307780452,1.7207754960425405,0.3345396069486076,0.3313931374406042,0.043839627616708954,0.8831668454911903
220,2.961247396753941,1.720827532541812,0.33287108369807955,0.3281155642525759,0.04384493072390997,0.8821247650864598
221,2.9614264785130455,1.7208795653714544,0.331210882241981,0.32487040522388827,0.043850233938190895,0.8810746422065201
222,2.9616055530588064,1.7209315945321029,0.329558961075189,0.32165733980876365,0.043855537259543796,0.8800164371463498
223,2.9617846203922644,1.720983620024393,0.32791527889958855,0.31847605063112155,0.043860840687960756,0.8789501104116504
224,2.9619636805144616,1.7210356418489599,0.32627979462303947,0.31532622345323663,0.043866144223433885,0.8778756227278184
225,2.962142733426435,1.7210876600064378,0.32465246735834974,0.3122075471447075,0.04387144786595518,0.8767929350490291
226,2.962321779129228,1.7211396744974616,0.3230332564222529,0.3091197136517328,0.04387675161551678,0.875702008567428
227,2.9625008176238774,1.7211916853226654,0.32142212133439135,0.3060624179666896,0.04388205547211072,0.8746028047224327
228,2.962679848911425,1.7212436924826842,0.31981902181630384,0.30303535809801346,0.043887359435729134,0.8734952852101404
229,2.9628588729929097,1.7212956959781518,0.3182239177904191,0.30003823504037647,0.04389266350636409,0.8723794119928454
230,2.9630378898693683,1.7213476958097014,0.31663676937905316,0.29707075274515904,0.043897967684007604,0.8712551473086604
231,2.963216899541841,1.7213996919779675,0.3150575369034133,0.2941326180912159,0.04390327196865182,0.8701224536812457
232,2.9633959020113663,1.7214516844835832,0.3134861808826053,0.2912235408559282,0.043908576360288804,0.8689812939296404
233,2.963574897278982,1.7215036733271822,0.31192266203264674,0.28834323368654385,0.04391388085891066,0.8678316311782001
234,2.963753885345726,1.7215556585093978,0.31036694126548503,0.28549141207180123,0.043919185464509444,0.8666734288666342
235,2.9639328662126356,1.7216076400308624,0.30881897968801986,0.2826677943138318,0.04392449017707726,0.865506650760147
236,2.9641118398807498,1.7216596178922097,0.30727873860113125,0.2798721015003428,0.04392979499660623,0.8643312609596772
237,2.964290806351105,1.7217115920940722,0.30574617949871175,0.27710405747707284,0.04393509992308843,0.8631472239122369
238,2.964469765624738,1.7217635626370824,0.3042212640667041,0.2743633888205215,0.04394040495651596,0.8619545044213487
239,2.9646487177026852,1.7218155295218722,0.30270395418214285,0.2716498248109471,0.043945710096880884,0.8607530676575779
240,2.964827662585983,1.7218674927490742,0.3011942119122021,0.26896309740563323,0.04395101534417533,0.8595428791691587
241,2.965006600275667,1.72191945231932,0.2996919995132463,0.26630294121241754,0.04395632069839136,0.8583239048927165
242,2.965185530772776,1.7219714082332425,0.2981972794298874,0.2636690934634842,0.04396162615952116,0.8570961111640764
243,2.965364454078343,1.7220233604914723,0.29671001429404525,0.26106129398941363,0.04396693172755675,0.8558594647291664
244,2.965543370193404,1.7220753090946412,0.2952301669240142,0.2584792851934907,0.043972237402490275,0.8546139327550054
245,2.965722279118994,1.7221272540433805,0.29375770032353277,0.2559228120262651,0.043977543184313815,0.8533594828407776
246,2.9659011808561493,1.7221791953383216,0.2922925776808594,0.2533916219603653,0.04398284907301951,0.8520960830289908
247,2.9660800754059036,1.7222311329800954,0.29083476236785155,0.2508854649655587,0.04398815506859946,0.8508237018167176
248,2.9662589627692917,1.722283066969333,0.2893842179390506,0.24840409348406195,0.04399346117104578,0.8495423081669151
249,2.9664378429473466,1.7223349973066642,0.2879409081307702,0.2459472624060918,0.043998767380350544,0.8482518715198221
250,2.966616715941104,1.72238692399272,0.2865047968601901,0.24351472904566066,0.04400407369650591,0.8469523618044322
251,2.9667955817515974,1.722438847028131,0.28507584822445353,0.24110625311660916,0.044009380119504005,0.84564374945004
252,2.9669744403798592,1.722490766413527,0.2836540264997704,0.23872159670887755,0.04401468664933691,0.8443260053978562
253,2.9671532918269232,1.7225426821495378,0.2822392961405233,0.23636052426500995,0.04401999328599675,0.8429991011126918
254,2.967332136093823,1.7225945942367935,0.2808316217783798,0.23402280255689292,0.04402530002947566,0.8416630085947078
255,2.9675109731815894,1.7226465026759232,0.2794309682214073,0.23170820066272174,0.044030606879765725,0.8403177003912253
256,2.9676898030912575,1.722698407467557,0.27803730045319414,0.22941648994419703,0.04403591383685915,0.8389631496085982
257,2.9678686258238587,1.7227503086123244,0.2766505836319734,0.22714744402394382,0.044041220900748,0.8375993299241393
258,2.968047441380424,1.7228022061108537,0.27527078308975234,0.2249008387631565,0.04404652807142442,0.8362262155981035
259,2.968226249761986,1.722854099963774,0.2738978643314456,0.22267645223946395,0.04405183534888052,0.8348437814857194
260,2.968405050969576,1.7229059901717145,0.2725317930340126,0.22047406472501252,0.044057142733108456,0.8334520030492685
261,2.9685838450042255,1.7229578767353035,0.2711725350455999,0.21829345866476757,0.044062450224100366,0.8320508563702108
262,2.968762631866965,1.7230097596551694,0.2698200563846868,0.21613441865502725,0.044067757821848345,0.8306403181613483
263,2.9689414115588253,1.7230616389319406,0.2684743232392366,0.21399673142215167,0.04407306552634456,0.8292203657790285
264,2.969120184080837,1.723113514566245,0.26713530196585034,0.21188018580149914,0.04407837333758113,0.8277909772353803
265,2.969298949434032,1.723165386558711,0.2658029590889266,0.20978457271657353,0.04408368125555025,0.826352131210581
266,2.969477707619438,1.7232172549099658,0.26447726129982396,0.20770968515837532,0.044088989280243976,0.8249038070651499
267,2.9696564586380862,1.7232691196206373,0.2631581754560287,0.20565531816495927,0.044094297411654514,0.8234459848522647
268,2.969835202491005,1.7233209806913525,0.261845668580326,0.20362126880119194,0.04409960564977396,0.8219786453300968
269,2.970013939179225,1.7233728381227391,0.2605397078599756,0.2016073361387113,0.04410491399459449,0.8205017699741615
270,2.970192668703774,1.723424691915424,0.2592402606458915,0.19961332123608286,0.04411022244610825,0.8190153409896797
271,2.970371391065682,1.7234765420700342,0.2579472944518257,0.19763902711915304,0.04411553100430739,0.8175193413239462
272,2.9705501062659776,1.7235283885871964,0.2566607769535559,0.1956842587615965,0.044120839669184064,0.8160137546787001
273,2.970728814305689,1.7235802314675372,0.2553806759880777,0.19374882306565572,0.04412614844073043,0.8144985655224943
274,2.970907515185843,1.7236320707116826,0.25410695955280027,0.19183252884307106,0.044131457318938604,0.8129737591030585
275,2.9710862089074688,1.7236839063202594,0.25283959580474646,0.18993518679619964,0.044136766303800784,0.8114393214596511
276,2.9712648954715926,1.7237357382938931,0.25157855305975646,0.18805660949932004,0.04414207539530908,0.8098952394353973
277,2.9714435748792436,1.72378756663321,0.2503237997916961,0.18619661138012367,0.044147384593455706,0.8083415006896058
278,2.971622247131447,1.7238393913388355,0.24907530463166816,0.1843550087013863,0.04415269389823275,0.8067780937100614
279,2.971800912229231,1.7238912124113954,0.24783303636722875,0.18253161954282413,0.04415800330963245,0.805205007825289
280,2.9719795701736222,1.7239430298515153,0.24659696394160643,0.18072626378312628,0.04416331282764695,0.8036222332167825
281,2.972158220965646,1.7239948436598196,0.24536705645292634,0.1789387630821672,0.04416862245226838,0.8020297609311945
282,2.972336864606329,1.7240466538369341,0.24414328315343709,0.17716894086339327,0.044173932183488925,0.8004275828924814
283,2.972515501096698,1.7240984603834835,0.24292561344874244,0.17541662229638483,0.044179242021300774,0.7988156919139997
284,2.9726941304377767,1.724150263300092,0.24171401689703645,0.17368163427958977,0.04418455196569606,0.7971940817105475
285,2.972872752630593,1.724202062587385,0.24050846320834213,0.17196380542322828,0.044189862016667004,0.795562746910345
286,2.9730513676761703,1.7242538582459865,0.23930892224375455,0.17026296603236646,0.04419517217420574,0.7939216830669504
287,2.973229975575533,1.7243056502765202,0.23811536401468703,0.16857894809015717,0.044200482438304434,0.7922708866711055
288,2.9734085763297076,1.7243574386796108,0.23692775868212176,0.16691158524124733,0.0442057928089553,0.790610355162504
289,2.9735871699397167,1.7244092234558817,0.23574607655586352,0.16526071277534793,0.04421110328615048,0.7889400869414784
290,2.9737657564065865,1.724461004605957,0.23457028809379765,0.1636261676109679,0.0442164138698822,0.7872600813805993
291,2.97394433573134,1.7245127821304602,0.23340036390115132,0.16200778827930776,0.04422172456014262,0.7855703388361819
292,2.9741229079149996,1.724564556030014,0.23223627472975883,0.16040541490831312,0.04422703535692388,0.7838708606596928
293,2.97430147295859,1.7246163263052423,0.23107799147733019,0.15881888920688572,0.0442323462602182,0.7821616492090528
294,2.974480030863135,1.724668092956768,0.22992548518672384,0.15724805444925052,0.04423765727001779,0.7804427078598284
295,2.9746585816296554,1.7247198559852135,0.22877872704522242,0.1556927554594771,0.04424296838631477,0.7787140410163075
296,2.9748371252591754,1.7247716153912016,0.22763768838381274,0.15415283859615503,0.04424827960910139,0.7769756541224521
297,2.9750156617527175,1.7248233711753553,0.22650234067646874,0.15262815173721936,0.0442535909383698,0.7752275536727221
298,2.9751941911113047,1.7248751233382968,0.22537265553943872,0.15111854426492757,0.044258902374112265,0.773469747222766
299,2.9753727133359567,1.7249268718806479,0.22424860473053532,0.14962386705098377,0.04426421391632087,0.7717022433999687
300,2.9755512284276975,1.7249786168030308,0.22313016014842982,0.1481439724418113,0.04426952556498791,0.769925051913855
301,2.9757297363875477,1.7250303581060675,0.22201729383194937,0.1466787142439697,0.04427483732010553,0.7681381835663375
302,2.9759082372165286,1.7250820957903796,0.2209099779593782,0.1452279477097169,0.044280149181665944,0.7663416502618078
303,2.976086730915662,1.7251338298565888,0.21980818484776168,0.14379152952271312,0.04428546114966136,0.7645354650170602
304,2.9762652174859667,1.725185560305316,0.21871188695221475,0.14236931778386747,0.04429077322408395,0.7627196419710455
305,2.976443696928465,1.7252372871371824,0.21762105686523284,0.14096117199732308,0.044296085404925946,0.7608941963944448
306,2.976622169244176,1.7252890103528091,0.21653566731600707,0.13956695305658193,0.04430139769217953,0.7590591446990615
307,2.9768006344341202,1.7253407299528172,0.21545569116974203,0.1381865232307659,0.04430671008583691,0.7572145044470205
308,2.9769790924993185,1.7253924459378274,0.21438110142697794,0.1368197461510149,0.044312022585890336,0.755360294359772
309,2.9771575434407884,1.7254441583084597,0.21331187122291523,0.13546648679701792,0.044317335192331955,0.7534965343268915
310,2.9773359872595506,1.7254958670653346,0.21224797382674304,0.13412661148367871,0.04432264790515402,0.7516232454146698
311,2.9775144239566247,1.7255475722090725,0.21118938264097117,0.13279998784791266,0.04432796072434877,0.7497404498744891
312,2.9776928535330285,1.7255992737402934,0.21013607120076472,0.13148648483557376,0.04433327364990836,0.7478481711509741
313,2.97787127598978,1.725650971659617,0.20908801317328293,0.13018597268851193,0.044338586681825005,0.745946433889917
314,2.9780496913278984,1.7257026659676626,0.20804518235702046,0.12889832293175735,0.044343899820090966,0.7440352639459663
315,2.978228099548403,1.7257543566650506,0.20700755268115265,0.12762340836083216,0.04434921306469847,0.742114688390076
316,2.9784065006523095,1.7258060437523997,0.20597509820488344,0.12636110302918682,0.04435452641563969,0.7401847355167055
317,2.978584894640637,1.725857727230329,0.2049477931167973,0.12511128223576204,0.04435983987290688,0.7382454348507689
318,2.978763281514402,1.7259094070994578,0.20392561173421342,0.12387382251267195,0.04436515343649224,0.7362968171543209
319,2.9789416612746216,1.7259610833604047,0.20290852850254407,0.12264860161301076,0.04437046710638801,0.734338914432981
320,2.979120033922314,1.7260127560137886,0.20189651799465538,0.1214354984987786,0.04437578088258645,0.7323717599420821
321,2.979298399458494,1.7260644250602275,0.20088955491023208,0.12023439332892782,0.044381094765079725,0.7303953881925445
322,2.9794767578841794,1.7261160905003405,0.1998876140751445,0.11904516744752659,0.04438640875386011,0.7284098349564624
323,2.9796551092003867,1.7261677523347454,0.19889067044081962,0.11786770337204035,0.044391722848919846,0.7264151372724043
324,2.9798334534081308,1.72621941056406,0.19789869908361465,0.1167018847817284,0.044397037050251144,0.7244113334504145
325,2.980011790508428,1.7262710651889024,0.19691167520419406,0.11554759650615583,0.04440235135784624,0.7223984630767152
326,2.980190120502293,1.7263227162098902,0.1959295741269093,0.11440472451381842,0.04440766577169737,0.7203765670180993
327,2.9803684433907423,1.726374363627641,0.1949523712991825,0.11327315590088102,0.044412980291796786,0.7183456874260129
328,2.98054675917479,1.726426007442772,0.19398004229089189,0.11215277888002577,0.04441829491813672,0.7163058677403156
329,2.9807250678554498,1.7264776476558998,0.1930125627937617,0.11104348276941205,0.044423609650709385,0.714257152692721
330,2.9809033694337383,1.7265292842676427,0.19204990862075408,0.10994515798174492,0.04442892448950708,0.7121995883099045
331,2.981081663910669,1.7265809172786166,0.19109205570546464,0.10885769601345155,0.04443423943452203,0.7101332219162777
332,2.9812599512872557,1.7266325466894383,0.1901389801015205,0.10778098943396473,0.044439554485746456,0.7080581021364231
333,2.9814382315645123,1.7266841725007247,0.18919065798198204,0.10671493187511301,0.04444486964317264,0.7059742788971829
334,2.9816165047434513,1.7267357947130915,0.18824706563874677,0.10565941802061438,0.04445018490679278,0.7038818034293992
335,2.981794770825088,1.7267874133271552,0.18730817948195702,0.10461434359567542,0.044455500276599204,0.7017807282692979
336,2.981973029810434,1.7268390283435322,0.18637397603940997,0.10357960535669204,0.044460815752584114,0.6996711072595144
337,2.982151281700502,1.7268906397628374,0.18544443195597088,0.1025551010810526,0.04446613133473974,0.6975529955497544
338,2.982329526496306,1.7269422475856875,0.18451952399298926,0.10154072955704208,0.044471447023058414,0.695426449597086
339,2.982507764198857,1.7269938518126975,0.18359922902771786,0.10053639057384532,0.044476762817532337,0.69329152716586
340,2.9826859948091684,1.727045452444483,0.18268352405273466,0.09954198491165014,0.0444820787181538,0.6911482873272519
341,2.9828642183282508,1.7270970494816587,0.1817723861753675,0.0985574143318471,0.044487394724915044,0.6889967904584232
342,2.983042434757115,1.7271486429248395,0.1808657926171221,0.0975825815673274,0.044492710837808286,0.6868370982412987
343,2.9832206440967735,1.7272002327746407,0.17996372071311217,0.09661739031287579,0.044498027056825845,0.6846692736609526
344,2.983398846348239,1.7272518190316775,0.17906614791149322,0.09566174521565912,0.04450334338196001,0.6824933810036063
345,2.98357704151252,1.7273034016965636,0.1781730517728984,0.09471555186580817,0.04450865981320302,0.680309485854227
346,2.9837552295906287,1.7273549807699136,0.1772844099698778,0.09377871678709354,0.04451397635054714,0.6781176550937291
347,2.9839334105835746,1.7274065562523417,0.17640020028634,0.092851147427693,0.04451929299398463,0.6759179568957742
348,2.9841115844923687,1.727458128144462,0.17552040061699686,0.09193275215105048,0.04452460974350778,0.6737104607231649
349,2.9842897513180207,1.7275096964468883,0.17464498896681085,0.09102344022682538,0.04452992659910888,0.6714952373238335
350,2.9844679110615404,1.7275612611602347,0.17377394345044514,0.0901231218219313,0.04453524356078018,0.6692723587264192
351,2.984646063723936,1.7276128222851137,0.17290724229171636,0.08923170799166343,0.044540560628513935,0.6670418982354336
352,2.9848242093062183,1.7276643798221396,0.17204486382305054,0.08834911067091392,0.044545877802302465,0.6648039304260128
353,2.985002347809395,1.7277159337719252,0.1711867864849409,0.08747524266547342,0.04455119508213801,0.6625585311382529
354,2.9851804792344767,1.7277674841350836,0.17033298882540943,0.08661001764341962,0.04455651246801291,0.6603057774711283
355,2.98535860358247,1.7278190309122279,0.16948344949947006,0.08575335012658983,0.044561829959919384,0.6580457477759906
356,2.985536720854384,1.7278705741039704,0.1686381472685955,0.084905155482139,0.04456714755784975,0.6557785216496477
357,2.9857148310512267,1.7279221137109237,0.16779706100018585,0.08406534991418024,0.044572465261796285,0.653504179927021
358,2.9858929341740055,1.7279736497337006,0.1669601696670407,0.08323385045550871,0.04457778307175127,0.651222804673382
359,2.986071030223729,1.7280251821729131,0.16612745234683307,0.0824105749594069,0.04458310098770703,0.6489344791761639
360,2.9862491192014042,1.728076711029173,0.16529888822158653,0.08159544209153104,0.044588419009655815,0.6466392879363523
361,2.986427201108037,1.7281282363030923,0.1644744565771549,0.08078837132187808,0.04459373713758993,0.6443373166594527
362,2.986605275944637,1.7281797579952836,0.16365413680270405,0.07998928291683156,0.04459905537150172,0.6420286522460339
363,2.986783343712208,1.7282312761063572,0.16283790839019696,0.07919809793128647,0.04460437371138339,0.6397133827818506
364,2.9869614044117565,1.728282790636925,0.16202575093388075,0.0784147382008518,0.04460969215722727,0.6373915975275415
365,2.9871394580442896,1.7283343015875978,0.16121764412977677,0.07763912633413057,0.04461501070902567,0.6350633869079099
366,2.9873175046108136,1.7283858089589874,0.16041356777517274,0.07687118570507556,0.044620329366770906,0.6327288425007807
367,2.987495544112334,1.7284373127517045,0.15961350176811803,0.07611084044542134,0.044625648130455255,0.6303880570254421
368,2.987673576549855,1.7284888129663596,0.15881742610692068,0.07535801543719027,0.04463096700007102,0.6280411243306673
369,2.9878516019243824,1.7285403096035632,0.1580253208896478,0.07461263630527376,0.04463628597561049,0.6256881393823235
370,2.9880296202369223,1.7285918026639262,0.1572371663136276,0.0738746294100857,0.04464160505706604,0.6233291982505653
371,2.9882076314884785,1.7286432921480586,0.15645294267495474,0.07314392184028935,0.04464692424442992,0.6209643980966204
372,2.9883856356800544,1.7286947780565702,0.15567263036799728,0.07242044140559563,0.044652243537694425,0.6185938371591636
373,2.9885636328126557,1.7287462603900712,0.15489620988490704,0.07170411662963325,0.0446575629368519,0.6162176147402885
374,2.9887416228872867,1.7287977391491716,0.1541236618151314,0.07099487674288847,0.044662882441894675,0.6138358311910743
375,2.9889196059049494,1.7288492143344802,0.15335496684492847,0.07029265167571551,0.04466820205281499,0.6114485878967562
376,2.98909758186665,1.7289006859466076,0.15259010575688384,0.06959737205141549,0.04467352176960528,0.6090559872614969
377,2.989275550773389,1.7289521539861619,0.1518290594294306,0.06890896917938423,0.04467884159225775,0.6066581326927717
378,2.989453512626171,1.729003618453753,0.15107180883637084,0.06822737504832738,0.04468416152076477,0.6042551285853602
379,2.9896314674259985,1.7290550793499895,0.15031833504640033,0.06755252231954306,0.044689481555118656,0.6018470803049591
380,2.989809415173874,1.7291065366754803,0.14956861922263504,0.06688434432027061,0.044694801695311724,0.5994340941714147
381,2.9899873558708006,1.729157990430834,0.14882264262214037,0.0662227750371053,0.04470012194133632,0.5970162774415818
382,2.990165289517779,1.729209440616659,0.14808038659546244,0.06556774910947798,0.04470544229318472,0.5945937382918144
383,2.9903432161158126,1.729260887233564,0.14734183258616193,0.06491920182319949,0.044710762750849314,0.5921665858000917
384,2.990521135665902,1.7293123302821563,0.14660696213035015,0.06427706910406847,0.044716083314322384,0.5897349299277882
385,2.9906990481690494,1.7293637697630448,0.14587575685622736,0.06364128751154283,0.0447214039835963,0.5872988815010894
386,2.9908769536262554,1.7294152056768366,0.14514819848362373,0.06301179423247355,0.04472672475866336,0.5848585521920643
387,2.9910548520385207,1.7294666380241397,0.14442426882354198,0.06238852707490042,0.0447320456395159,0.5824140544993945
388,2.9912327434068464,1.7295180668055614,0.14370394977770293,0.061771424461909266,0.044737366626146254,0.5799655017287737
389,2.9914106277322325,1.729569492021709,0.14298722333809288,0.06116042542554979,0.04474268771854675,0.5775130079729778
390,2.991588505015679,1.7296209136731897,0.1422740715865136,0.06055546960081373,0.04474800891670974,0.5750566880916165
391,2.9917663752581873,1.7296723317606104,0.14156447669413402,0.059956497219672236,0.04475333022062757,0.5725966576905722
392,2.9919442384607553,1.729723746284578,0.140858420921045,0.059363449105172654,0.04475865163029256,0.5701330331011345
393,2.992122094624384,1.7297751572456994,0.14015588661581535,0.058776266665593234,0.044763973145697064,0.567665931358835
394,2.992299943750073,1.729826564644581,0.13945685621505094,0.05819489188865604,0.04476929476683345,0.5651954701819947
395,2.99247778583882,1.729877968481829,0.13876131224295524,0.05761926733579664,0.04477461649369403,0.5627217679499876
396,2.9926556208916244,1.7299293687580497,0.13806923731089282,0.05704933613649103,0.04477993832627118,0.560244943681233
397,2.992833448909484,1.7299807654738488,0.13738061411695424,0.05648504198263796,0.04478526026455719,0.5577651170109192
398,2.9930112698933993,1.7300321586298328,0.13669542544552385,0.05592632912299761,0.044790582308544505,0.555282408168474
399,2.993189083844366,1.730083548226607,0.13601365416684916,0.055373142357684445,0.044795904458225386,0.5527969379547849
400,2.993366890763384,1.730134934264777,0.1353352832366127,0.05482542703271516,0.04480122671359225,0.5503088277191808
401,2.993544690651449,1.7301863167449478,0.13466029569550586,0.054283129034610134,0.0448065490746374,0.5478181993361846
402,2.9937224835095595,1.7302376956677252,0.13398867466880493,0.053746194785048516,0.044811871541353236,0.5453251751820437
403,2.9939002693387122,1.7302890710337138,0.13332040336594936,0.053214571235576144,0.04481719411373208,0.5428298781110511
404,2.9940780481399045,1.7303404428435187,0.13265546508012172,0.0526882058623655,0.04482251679176631,0.5403324314316621
405,2.994255819914133,1.7303918110977448,0.13199384318783022,0.05216704666102785,0.04482783957544829,0.5378329588824218
406,2.994433584662394,1.7304431757969962,0.13133552114849303,0.051651042141476464,0.044833162464770385,0.5353315846077082
407,2.9946113423856833,1.7304945369418776,0.13068048250402503,0.05114014132284087,0.04483848545972493,0.5328284331333057
408,2.9947890930849983,1.7305458945329935,0.1300287108784259,0.05063429372843099,0.04484380856030434,0.5303236293418131
409,2.9949668367613347,1.7305972485709478,0.12938018997737108,0.05013344938075141,0.04484913176650099,0.5278172984479023
410,2.9951445734156863,1.730648599056344,0.12873490358780423,0.04963755879656484,0.044854455078307175,0.5253095659734353
411,2.9953223030490497,1.7306999459897865,0.12809283557753198,0.049146572982004415,0.044859778495715326,0.5228005577224486
412,2.9955000256624187,1.7307512893718782,0.12745396989482075,0.04866044342773438,0.04486510201871776,0.5202903997560198
413,2.99567774125679,1.730802629203223,0.1268182905679951,0.04817912210415838,0.04487042564730692,0.5177792183670197
414,2.995855449833157,1.7308539654844244,0.12618578170503877,0.04770256145667546,0.04487574938147515,0.5152671400547709
415,2.9960331513925134,1.7309052982160849,0.1255564274931972,0.04723071440098268,0.04488107322121478,0.5127542914996129
416,2.9962108459358543,1.7309566273988075,0.12493021219858241,0.0467635343184246,0.04488639716651825,0.5102407995373938
417,2.996388533464173,1.7310079530331952,0.12430712016577938,0.04630097505138815,0.044891721217377896,0.5077267911338911
418,2.996566213978465,1.7310592751198512,0.12368713581745483,0.04584299089874358,0.04489704537378616,0.5052123933591802
419,2.996743887479722,1.7311105936593774,0.12307024365396771,0.04538953661133011,0.04490236963573539,0.5026977333619564
420,2.996921553968937,1.7311619086523757,0.1224564282529819,0.04494056738748661,0.044907694003217945,0.5001829383438245
421,2.997099213447104,1.7312132200994492,0.12184567426908036,0.044496038868626034,0.04491301847622625,0.49766813553356276
422,2.9972768659152154,1.7312645280011993,0.12123796643338168,0.04405590713485392,0.04491834305475269,0.4951534521613787
423,2.997454511374264,1.731315832358228,0.12063328955315826,0.043620128700630104,0.04492366773878965,0.49263901543316246
424,2.9976321498252414,1.7313671331711369,0.12003162851145673,0.043188660510473494,0.044928992528329506,0.49012495250475147
425,2.9978097812691384,1.7314184304405271,0.11943296826671962,0.04276145993470889,0.04493431742336461,0.4876113904562152
426,2.99798740570695,1.731469724167001,0.11883729385240965,0.042338484765256465,0.04493964242388745,0.48509845626617365
427,2.9981650231396646,1.7315210143511583,0.1182445903766354,0.041919693211462286,0.044944967529890335,0.48258627678616
428,2.998342633568276,1.7315723009936017,0.11765484302177918,0.04150504389597068,0.044950292741365735,0.48007497871503746
429,2.998520236993774,1.7316235840949308,0.11706803704412637,0.041094495850636695,0.044955618058306,0.47756468857347995
430,2.9986978334171486,1.7316748636557466,0.11648415777349697,0.04068800851247967,0.044960943480703515,0.47505553267853223
431,2.998875422839393,1.7317261396766501,0.11590319061287874,0.040285541719676334,0.04496626900855074,0.47254763711825415
432,2.999053005261495,1.7317774121582412,0.11532512103806251,0.039887055707593884,0.04497159464184004,0.47004112772646706
433,2.999230580684447,1.7318286811011205,0.11474993459727875,0.039492511104861926,0.044976920380563834,0.4675361300576044
434,2.999408149109237,1.7318799465058878,0.1141776169108365,0.03910186892948355,0.0449822462247145,0.465032769361685
435,2.999585710536855,1.7319312083731428,0.11360815367076371,0.03871509058498471,0.04498757217428445,0.4625311705594149
436,2.9997632649682924,1.7319824667034862,0.11304153064044985,0.0383321378566019,0.04499289822926616,0.4600314582174306
437,2.999940812404536,1.7320337214975163,0.11247773365428958,0.037952972907507064,0.044998224389651946,0.4575337565236917
438,3.0001183528465756,1.7320849727558332,0.11191674861732888,0.03757755827507034,0.04500355065543426,0.4550381892630359
439,3.000295886295401,1.7321362204790365,0.11135856150491262,0.03720585686715953,0.04500887702660553,0.45254487979290436
440,3.000473412751999,1.7321874646677244,0.11080315836233387,0.03683783195847606,0.04501420350315815,0.45005395101924783
441,3.0006509322173596,1.7322387053224968,0.11025052530448522,0.03647344718692749,0.04501953008508455,0.4475655253726254
442,3.0008284446924707,1.732289942443952,0.10970064851551141,0.03611266655003556,0.04502485677237718,0.4450797247845018
443,3.0010059501783193,1.7323411760326888,0.10915351424846406,0.035755454401379866,0.045030183565028394,0.44259667066375663
444,3.001183448675893,1.7323924060893054,0.10860910882495796,0.035401775447076796,0.04503551046303064,0.4401164838734116
445,3.0013609401861796,1.7324436326144004,0.10806741863482926,0.03505159474229333,0.04504083746637635,0.43763928470758984
446,3.0015384247101657,1.7324948556085717,0.10752843013579495,0.03470487768779496,0.045046164575057925,0.4351651928687093
447,3.001715902248839,1.7325460750724175,0.10699212985311447,0.03436159002652818,0.045051491789067824,0.4326943274449258
448,3.0018933728031874,1.7325972910065361,0.1064585043792528,0.0340216978402365,0.04505681910839849,0.43022680688783155
449,3.0020708363741946,1.7326485034115242,0.10592754037354536,0.03368516754611003,0.045062146533042295,0.4277627489904178
450,3.0022482929628476,1.7326997122879797,0.10539922456186433,0.033351965893468144,0.045067474062991664,0.42530227086530953
451,3.002425742570133,1.7327509176365001,0.1048735437362869,0.03302205996047502,0.04507280169823909,0.42284548892328183
452,3.002603185197037,1.7328021194576826,0.104350484754765,0.032695417150887494,0.04507812943877696,0.4203925188520653
453,3.002780620844545,1.7328533177521244,0.10383003454079692,0.032372005190835405,0.04508345728459777,0.4179434755954488
454,3.0029580495136416,1.732904512520422,0.1033121800831002,0.032051792125633326,0.04508878523569388,0.41549847333268486
455,3.0031354712053107,1.732955703763172,0.1027969084352864,0.031734746316624166,0.04509411329205773,0.4130576254582079
456,3.003312885920539,1.7330068914809713,0.10228420671553744,0.031420836438053906,0.04509944145368179,0.4106210445616717
457,3.0034902936603114,1.7330580756744165,0.10177406210628372,0.031110031473977236,0.045104769720558525,0.40818884240831266
458,3.0036676944256113,1.7331092563441035,0.1012664618538834,0.030802300715193603,0.045110098092680344,0.4057611299196444
459,3.0038450882174237,1.7331604334906285,0.10076139326830373,0.03049761375621391,0.04511542657003972,0.4033380171544937
460,3.0040224750367326,1.733211607114588,0.1002588437228037,0.03019594049225685,0.04512075515262909,0.4009196132903791
461,3.0041998548845212,1.733262777216577,0.09975880065361863,0.029897251116275343,0.0451260838404409,0.39850602660524465
462,3.004377227761771,1.7333139437971907,0.09926125155964566,0.029601516116011868,0.04513141263346753,0.3960973644595466
463,3.004554593669468,1.7333651068570257,0.09876618400213154,0.029308706271083427,0.045136741531701524,0.3936937332787057
464,3.0047319526085943,1.7334162663966766,0.09827358560436154,0.029018792650094972,0.04514207053513528,0.39129523853592774
465,3.004909304580133,1.733467422416739,0.09778344405135005,0.02873174660778154,0.045147399643761306,0.3889019847353951
466,3.005086649585066,1.7335185749178075,0.09729574708953276,0.028447539782178666,0.045152728857571996,0.38651407539584
467,3.0052639876243754,1.7335697239004768,0.09681048252646021,0.028166144091820642,0.04515805817655982,0.38413161303449606
468,3.0054413186990443,1.733620869365342,0.09632763823049303,0.027887531732966608,0.04516338760071726,0.38175469915144017
469,3.005618642810054,1.7336720113129975,0.09584720213049865,0.027611675176854002,0.04516871713003676,0.37938343421432424
470,3.0057959599583857,1.7337231497440373,0.09536916221554961,0.027338547166979296,0.04517404676451078,0.377017917643503
471,3.005973270145022,1.7337742846590563,0.09489350653462311,0.02706812071640541,0.04517937650413179,0.374658247797558
472,3.0061505733709426,1.7338254160586477,0.09442022319630235,0.026800369105095888,0.045184706348892247,0.3723045219592263
473,3.00632786963713,1.733876543943406,0.09394930036847918,0.026535265877275456,0.04519003629878464,0.3699568363217323
474,3.006505158944564,1.7339276683139249,0.09348072627805847,0.026272784838816683,0.0451953663538014,0.3676152859755296
475,3.006682441294225,1.7339787891707974,0.09301448921066349,0.026012900054652288,0.045200696513935004,0.3652799648954498
476,3.006859716687093,1.7340299065146174,0.09255057751034329,0.025755585846213323,0.04520602677917794,0.3629509659282678
477,3.0070369851241496,1.7340810203459784,0.09208897957928115,0.02550081678889251,0.04521135714952268,0.36062838078068055
478,3.007214246606373,1.734132130665473,0.09162968387750484,0.02524856770953274,0.045216687624961685,0.35831230000770276
479,3.0073915011347436,1.7341832374736943,0.09117267892259785,0.02499881368394035,0.04522201820548744,0.35600281300148034
480,3.0075687487102396,1.7342343407712348,0.09071795328941251,0.02475153003442296,0.045227348891092395,0.3537000079805248
481,3.0077459893338423,1.7342854405586878,0.09026549560978427,0.02450669232735182,0.045232679681769083,0.3514039719793676
482,3.007923223006528,1.7343365368366452,0.08981529457224763,0.02426427637074812,0.045238010577509896,0.3491147908386383
483,3.008100449729276,1.734387629605699,0.08936733892175319,0.024024258211893173,0.04524334157830737,0.34683254919556117
484,3.008277669503065,1.734438718866442,0.08892161745938634,0.023786614134962285,0.04524867268415397,0.3445573304748788
485,3.0084548823288744,1.7344898046194663,0.08847811904208727,0.023551320658682005,0.045254003895042215,0.3422892168801963
486,3.0086320882076816,1.7345408868653636,0.08803683258237255,0.023318354534010585,0.045259335210964584,0.34002828938574986
487,3.0088092871404637,1.734591965604725,0.08759774704805763,0.023087692741841206,0.04526466663191354,0.3377746277285958
488,3.0089864791281977,1.7346430408381426,0.0871608514619813,0.022859312490728152,0.045269998157881554,0.3355283104012243
489,3.0091636641718615,1.7346941125662074,0.08672613490173114,0.022633191214635338,0.045275329788861125,0.3332894146445923
490,3.009340842272433,1.734745180789511,0.0862935864993705,0.02240930657070709,0.04528066152484479,0.33105801644157773
491,3.0095180134308883,1.7347962455086443,0.08586319544116683,0.022187636437061065,0.04528599336582501,0.32883419051085383
492,3.0096951776482026,1.7348473067241976,0.08543495096732123,0.021968158910602838,0.04529132531179424,0.32661801030117843
493,3.0098723349253547,1.7348983644367628,0.08500884237169956,0.02175085230486231,0.04529665736274504,0.3244095479861021
494,3.0100494852633197,1.7349494186469299,0.08458485900156469,0.021535695147851284,0.04530198951866989,0.32220887445908875
495,3.010226628663074,1.7350004693552892,0.08416299025731036,0.021322666179942475,0.04530732177956129,0.32001605932905053
496,3.0104037651255924,1.7350515165624312,0.08374322559219596,0.021111744351769223,0.045312654145411725,0.31783117091628926
497,3.0105808946518495,1.7351025602689454,0.083325554512083,0.02090290882214619,0.04531798661621366,0.31565427624884906
498,3.010758017242823,1.7351536004754229,0.08290996657517266,0.020696138956010534,0.04532331919195969,0.3134854410592711
499,3.010935132899487,1.7352046371824525,0.08249645139174498,0.020491414322383487,0.04532865187264226,0.31132472978175296
