replicate,b,H,G,V_lin,V_quad,A_g,alpha,mu,E,reliability,boundary,loglik
1,0.638215167755,-0.711829519487,1.01663759996,0.414095404283,0.261851055272,0.61261568639,1.43634409452,0.00682398879507,0.985042866519,0.755872691559,False,-1647.58404082
2,0.76509176297,-0.668940959728,1.00120245655,0.586069282233,0.224279404981,0.723230988684,1.34845953754,-0.0398723985827,1.00585268943,0.749130138571,False,-1611.40408076
3,0.790732387031,-0.813813757008,1.00990238268,0.631449248995,0.33773716389,0.651525073608,1.40698522936,-0.0599619549124,1.02024316894,0.748085016088,False,-1633.20983537
4,0.672315415035,-0.800777594796,0.982374997523,0.444041374869,0.309420036109,0.589335257784,1.45067919354,0.040755529026,1.00143820963,0.746379085671,False,-1664.18608989
5,0.750360919894,-0.833790288573,0.972612655538,0.54762129832,0.328823995251,0.624820855719,1.36142513493,-0.0640531863773,0.974548707436,0.749626954091,False,-1611.92881348
6,0.712212921035,-0.772490610685,1.01773054387,0.516241014419,0.309045226967,0.625529650842,1.41758773999,-0.0314056472242,0.989703346425,0.755199343095,False,-1620.13806451
7,0.798298685748,-0.852457469589,0.923728805611,0.588674624525,0.310030499001,0.655025334912,1.39636508091,-0.0352638800735,1.09117963417,0.717484148379,False,-1641.86283988
8,0.712100503115,-0.767699609014,1.14198728825,0.57908705254,0.384304245789,0.601092259754,1.44762870264,-0.057722314259,0.969895794916,0.779361419316,False,-1645.74459508
9,0.656821520175,-0.729551177499,1.05205848446,0.453873294895,0.294551538923,0.606438047465,1.44668405151,0.00842132123478,0.977824274438,0.76346774581,False,-1640.9525889
10,0.651475642313,-0.632612154404,1.01146261315,0.429285480677,0.204712676707,0.677108404302,1.38695632797,-0.02617340382,0.976061651717,0.756620385355,False,-1624.51753735
11,0.724378561101,-0.808195660375,0.936636799889,0.491476088972,0.286513748443,0.631725589893,1.41933847097,-0.0319132214229,0.957070848622,0.745931613263,False,-1629.19608237
12,0.754969699902,-0.924167139663,0.912674803398,0.520205697899,0.355715812363,0.593895334004,1.39296000437,-0.076418525348,1.04634847921,0.723508092414,False,-1623.34803725
13,0.668423004918,-0.689618260113,0.976786881428,0.436417940193,0.226875262981,0.657956297614,1.41341521439,-0.00693591029515,1.00688692945,0.744266289941,False,-1673.05720654
14,0.614263140763,-0.810978045324,1.09725849185,0.414016703032,0.395918777647,0.511172448804,1.47584442034,0.00456431904216,1.0105157895,0.76512148359,False,-1646.0453141
15,0.701896660473,-0.877286455413,0.926951831515,0.456671090044,0.330648979472,0.580032324496,1.43835368798,-0.0282059914893,0.937207077986,0.747931332595,False,-1668.63308665
16,0.619340010324,-0.728031247031,1.0441228841,0.400506794653,0.288917116749,0.580929654497,1.44219737603,-0.0303689226675,0.905220216853,0.775801785128,False,-1645.13655024
17,0.656090242195,-0.727806592969,1.00634271842,0.433184656992,0.268221626772,0.617594491266,1.41263631986,-0.0102623832729,0.941262842893,0.762324828319,False,-1666.27921518
18,0.820585239713,-0.852903996541,0.985983352108,0.663921883709,0.353597729325,0.652490502595,1.41994708284,-0.0406486668219,0.989692306826,0.749295347505,False,-1635.13212775
19,0.672307373538,-0.803360139693,1.00154388164,0.452695034701,0.323690928123,0.583079880855,1.47782059947,-0.014002761511,0.961933624591,0.757489525766,False,-1645.87482163
20,0.601784985061,-0.812125400754,1.00355743267,0.363433475297,0.332124303086,0.522506521517,1.48558207863,0.044829249929,0.939587139366,0.762145460504,False,-1661.38972027
21,0.642825210493,-0.748084046728,0.989656378714,0.408950016085,0.274056209917,0.598750056026,1.44069921605,-0.00782793187653,1.00265504564,0.747545336682,False,-1661.53681484
22,0.720848936836,-0.706337237403,0.958524993775,0.498071814708,0.229192864527,0.684856323879,1.38058971043,-0.0447674178257,0.98927740607,0.744032292334,False,-1629.21447977
23,0.637340318594,-0.657727360926,1.0844607957,0.440510883418,0.254383849082,0.633924626012,1.40813810209,-0.0924506803575,0.966525170155,0.770960582183,False,-1621.32882378
24,0.665794404759,-0.851337438302,0.913400841706,0.404894324919,0.30234047,0.572503400325,1.47637045217,0.0619264086697,1.00174345165,0.732293448951,False,-1687.92837638
25,0.758246370887,-0.81539624616,0.92127078294,0.529673175087,0.282151274466,0.652447921935,1.38549004034,-0.111999997585,0.983852355802,0.737475886093,False,-1635.37373839
26,0.725741266158,-0.692564544703,1.10292243338,0.580909670733,0.291729571325,0.665692811801,1.35427996549,-0.105075753117,0.970458221033,0.773216387818,False,-1623.73961706
27,0.675751659334,-0.794410547541,1.04177513861,0.475716517134,0.342458528196,0.581436111806,1.48014252887,-0.00369158204494,0.954679748942,0.766010161658,False,-1711.34715967
28,0.70696193617,-0.819616947226,1.11430793268,0.556925732888,0.417063619819,0.571798584184,1.43594010628,-0.0356885799416,1.02171746047,0.765910323447,False,-1636.11835699
29,0.63023144804,-0.728483511182,1.0288539194,0.408652214766,0.280877460222,0.59265355733,1.44026085806,-0.0261888494518,0.949774820484,0.764693849988,False,-1662.32868067
30,0.621765670467,-0.799165014739,1.02598774191,0.396639216357,0.336145479494,0.541276610446,1.49236088848,0.0298873819258,0.949636778825,0.764217703408,False,-1644.65731856
31,0.721569090812,-0.75622775178,1.12734541798,0.586965866824,0.363403607456,0.617618602774,1.41559301882,0.0184797951112,0.975153771977,0.776196639078,False,-1617.87100563
32,0.686147468061,-0.757642999018,0.939785454323,0.442449439301,0.253487571712,0.635760754636,1.38826843194,-0.0152245103222,0.957811997113,0.746420623651,False,-1651.74967968
33,0.658422466881,-0.816743391522,0.933169802847,0.404547908141,0.290444138311,0.582089982477,1.39623027448,-0.00899640214016,1.02263701162,0.732444312906,False,-1614.65930402
34,0.753744199955,-0.750319384974,0.977328308977,0.555249843913,0.268870586943,0.673748426958,1.34821983782,-0.0895769708924,1.01996760581,0.741907930989,False,-1624.0156653
35,0.699756751956,-0.726905549325,1.03347091657,0.506048864579,0.282177571774,0.642009505442,1.37869460726,-0.0589217015336,1.03006288138,0.750618821323,False,-1615.47549106
36,0.782631016856,-0.849675826981,0.907431522266,0.555812069118,0.2972379473,0.651558593776,1.40290908915,-0.0878878372675,1.01074029679,0.72924434576,False,-1620.42651162
37,0.720927896739,-0.864732534978,1.00148804017,0.52051042188,0.374994706823,0.581247840125,1.43389727609,-0.0293966923386,1.0187678969,0.74677873598,False,-1636.32482699
38,0.659545627961,-0.820260757659,0.962446509769,0.418664650762,0.311621258982,0.573288687589,1.46862157611,0.0241882758792,0.973766157821,0.747801216354,False,-1669.51894435
39,0.614094120309,-0.687405450981,1.09231748144,0.41192558068,0.281899117314,0.593702677162,1.46264965857,0.000198045357956,0.923899605324,0.780068520766,False,-1665.63877444
40,0.668959157444,-0.781479976551,1.07584800993,0.481448820737,0.353433373179,0.576666773163,1.43973862154,0.00249226438343,0.941069808793,0.774248744252,False,-1665.77930766
41,0.703380328563,-0.96108710734,0.862486413638,0.426709880431,0.343557973368,0.553975968654,1.50223348584,-0.0447100825262,0.99110524717,0.723043904764,False,-1689.01642108
42,0.614299185808,-0.766943691395,0.876685596707,0.330829136129,0.226039691647,0.594088086149,1.42524800298,0.0246595439797,1.01971733693,0.720608097533,False,-1617.06711825
43,0.740966309583,-0.770676470101,1.00110236331,0.549636303645,0.297626211775,0.648720194322,1.39086801078,-0.0240988179824,0.98464693177,0.753094713125,False,-1670.58165439
44,0.706868554536,-0.896455546697,0.991174011178,0.495253131985,0.394754722439,0.55645928238,1.45611049853,0.038543868001,0.992862937272,0.749680642555,False,-1655.13553922
45,0.70592263536,-0.88001979044,0.993805929422,0.495240095947,0.382435367959,0.564263348258,1.48181126684,0.0186009300413,0.988442287269,0.751013318237,False,-1667.98834353
46,0.779236397571,-0.886138191353,0.906499118529,0.550434752593,0.322632182136,0.630461114375,1.43936736919,0.00916011670829,0.942433974355,0.742640183706,False,-1645.14115588
47,0.667113542181,-0.756656091574,1.00031930581,0.445182582171,0.286447061302,0.608480788255,1.41972717986,-0.00683877122168,0.939785713387,0.761520717552,False,-1677.23754426
48,0.670508976657,-0.725067006615,1.08867541345,0.489449183026,0.311546675458,0.611050828593,1.3985294807,-0.0297832325915,0.958780773741,0.773059273348,False,-1603.48813549
49,0.704998710288,-0.915593054622,0.95306632987,0.473696059459,0.380733628225,0.5544002816,1.42324365827,-0.0811068382122,0.968411055846,0.746993281879,False,-1627.07883187
50,0.647324076236,-0.749338503927,1.05339768608,0.441403609824,0.311537852751,0.586238946537,1.42017403574,-0.0217698025134,0.973379365627,0.764518613486,False,-1618.89758427
51,0.642284852858,-0.764540067735,0.974427735504,0.401980510229,0.277504340004,0.591595986417,1.45132736125,0.00249249721924,0.999222608833,0.745259113467,False,-1635.69011355
52,0.720136111716,-0.923154873022,0.952219850448,0.493817424034,0.386361282395,0.561042229751,1.44904775538,-0.0802481242294,0.977497914838,0.745055354805,False,-1656.22127806
53,0.705117622401,-0.808442912241,0.92128515784,0.45805456124,0.277368328456,0.622845124428,1.42669751282,-0.0397728483486,0.993966446736,0.735493999495,False,-1652.19221706
54,0.689356695621,-0.854409970735,0.963798135409,0.458009069653,0.339058614873,0.574617536936,1.42992464949,0.00866574838463,0.963356857763,0.750085857222,False,-1660.22664505
55,0.733181192562,-0.671137319572,1.00444613711,0.539944702852,0.227219755543,0.703818714415,1.35253310636,-0.0787186022668,0.98057967292,0.754481776482,False,-1641.73234693
56,0.701733777241,-0.94744186402,0.869112404281,0.427977276865,0.339021344991,0.557989629537,1.4336004564,-0.0342282650892,0.966045720329,0.729655136772,False,-1620.11439532
57,0.700554474447,-0.768566477997,0.802899872927,0.394044447027,0.190395052636,0.674226241133,1.41206317406,-0.0453850481181,0.950370066219,0.717073429449,False,-1643.11527949
58,0.718980510266,-0.863119740968,1.06949503155,0.552857247489,0.426058904683,0.564764659631,1.40138491941,-0.06310309035,0.996570849347,0.763006518196,False,-1613.03557205
59,0.650870779399,-0.677459729645,1.02028637449,0.432226744524,0.238880746204,0.644049948027,1.44905384284,0.0299981487094,1.02688557225,0.74878921051,False,-1669.67829566
60,0.67913722969,-0.689461125611,1.11737928878,0.515365918201,0.296750054165,0.634596456341,1.38283556926,-0.0502541996845,0.966184340672,0.776259321479,False,-1605.93795105
61,0.692975616163,-0.69613969354,1.07565503774,0.516545904023,0.280355338862,0.648193121337,1.36312240926,-0.0543709057818,0.955829005945,0.771485524099,False,-1616.3164151
62,0.727780922918,-0.850647193738,0.963282057154,0.510216859931,0.33571897871,0.60313895762,1.43405452851,-0.0401641566734,0.960354866228,0.750570202224,False,-1645.98793741
63,0.698407337324,-0.803811438916,0.9114157834,0.44456383668,0.268356092328,0.623581721581,1.42052319093,-0.0050962034845,1.00800377836,0.73064240113,False,-1643.42003536
64,0.6830062268,-0.714318217666,1.01679925658,0.474334317144,0.263769087567,0.642639383746,1.40860775357,-0.0705679195452,1.05515159302,0.742993811599,False,-1629.22476897
65,0.668814743012,-0.818942623038,1.00789095025,0.450842886366,0.340646590247,0.569613241474,1.43725316186,-0.051190172423,0.968180580131,0.757460889561,False,-1642.87512423
66,0.706484654144,-0.875456949146,0.898029815254,0.44822515016,0.309044561031,0.59189631321,1.45822585249,-0.00846417266133,0.964555206824,0.736362697552,False,-1671.0583516
67,0.707998391584,-0.657281462886,1.03766930372,0.520143902556,0.23258982503,0.691006505347,1.34010292054,-0.0514029933157,1.01965431725,0.753269379182,False,-1623.39170614
68,0.561336494888,-0.635413192357,1.03841187417,0.327202190592,0.217681614698,0.600499019085,1.45351563872,-0.00810409582575,0.982028613562,0.760320897804,False,-1655.17292469
69,0.693125260013,-0.741169806781,0.978308421133,0.470001500785,0.262879685304,0.641306544234,1.41575911596,-0.0160225473937,0.944962474811,0.75644592355,False,-1651.44089777
70,0.698954848617,-0.827697841077,0.98674910842,0.482064317919,0.333524033614,0.591063269862,1.42413683216,-0.038843943118,1.05204310995,0.737794876283,False,-1632.76561002
71,0.683020908729,-0.704413521057,1.01671194624,0.474313978175,0.256460936871,0.649056184619,1.40907825734,0.0289626695042,0.956367986947,0.761296125361,False,-1639.62085391
72,0.693256512678,-0.841079036739,1.03654175832,0.498166729234,0.380029427429,0.567261340709,1.44249245058,0.0160002698737,0.947761711601,0.766410816928,False,-1596.92180896
73,0.650802538669,-0.719149074446,0.989545819021,0.419116139292,0.253209311523,0.623382825659,1.3910457177,-0.0599926082147,1.0426392979,0.740072958913,False,-1626.12553168
74,0.585402390807,-0.657813692605,0.908088066903,0.311198111092,0.178415162628,0.635599824996,1.39594227419,-0.0147264510841,1.01389350535,0.728771875058,False,-1623.95799833
75,0.720789734208,-0.720735229755,0.880784807317,0.457601037126,0.201493544248,0.694287360355,1.39751206776,-0.000122815584952,1.03027995792,0.719471133971,False,-1651.05317118
76,0.612098790481,-0.700230876676,1.09184407054,0.409075681506,0.292262946449,0.583278412453,1.44703802093,0.0192554132696,0.974062405439,0.770786982475,False,-1659.78667431
77,0.735307904357,-0.75170597888,0.959984711337,0.519042339403,0.260372220284,0.66593872664,1.43797146326,-0.0490105674944,0.952565038125,0.75145198358,False,-1669.31452657
78,0.688794913686,-0.756144744527,1.00301286365,0.47586785143,0.287602651827,0.623295660278,1.41716800931,0.0137194457731,1.02053644519,0.746738443623,False,-1643.05282866
79,0.651486418592,-0.704806691077,0.937496110035,0.397905742974,0.218297614504,0.64573770679,1.4078422983,-0.0325549615432,1.01403501696,0.734998345759,False,-1620.9738444
80,0.69000822912,-0.753045844484,1.01501956856,0.483262343409,0.292120252347,0.623256629765,1.43552598654,0.0131538660551,1.01657861458,0.749712114986,False,-1661.72719999
81,0.668228131693,-0.720224010137,1.03848642438,0.463714134267,0.2797092587,0.623755101943,1.42222247596,0.00800528500537,1.04413944645,0.748980727028,False,-1650.49660317
82,0.616123151693,-0.724721098041,1.06713042348,0.405090966262,0.299052072799,0.575296415345,1.45643066989,-0.0165531637883,0.988361496647,0.764100281903,False,-1660.45270736
83,0.711919055954,-0.819626259944,1.03852133934,0.526352464198,0.362270176284,0.592323940691,1.41557038438,0.00546129045365,0.978872257856,0.760926244323,False,-1613.49880983
84,0.669819259296,-0.753472818061,1.02225012002,0.458640530915,0.296633040841,0.607250866529,1.43487917501,-0.0459104292374,0.936983328264,0.765972614264,False,-1632.35649163
85,0.625131712032,-0.693307748547,1.00979060579,0.394615724871,0.245066960558,0.616892928103,1.4351283406,0.00869616847366,0.998208564505,0.752156761664,False,-1635.11802651
86,0.618127835088,-0.711566657421,0.994813624009,0.380100399493,0.250544360939,0.602717129105,1.41659455877,-0.0202885694318,0.932296822571,0.76197108531,False,-1652.56754168
87,0.684933295045,-0.808329231729,0.858538419938,0.402769235706,0.240805300938,0.625831528087,1.41935146532,-0.00876891875519,0.997119556848,0.720908601389,False,-1635.85895196
88,0.619767627015,-0.600427356162,0.957003675838,0.367596511235,0.165089008067,0.690081667166,1.37177352554,-0.0241289674136,1.04501425286,0.7331441505,False,-1638.61295879
89,0.650435579352,-0.770107387228,1.02899692891,0.435334070456,0.313979100003,0.580977470594,1.39583011951,-0.0234870701247,1.03007973018,0.749802747864,False,-1613.95613763
90,0.683912870525,-0.721418729249,1.03174547576,0.482585342174,0.277006510825,0.63532190382,1.3927367135,-0.0612430305133,0.934846710615,0.768032896933,False,-1615.96364665
91,0.754557030648,-0.9324024999,0.899079675393,0.511896688626,0.35137691301,0.592971553463,1.47601596495,0.000649629337049,0.983738186765,0.732750807773,False,-1661.86860458
92,0.655965370014,-0.64698534183,1.20175566819,0.517104127448,0.3022673548,0.631098517157,1.3868338809,-0.0331994397049,0.910905888195,0.798301369362,False,-1610.91310549
93,0.69925894672,-0.727285321002,1.05428979557,0.51550877993,0.293967727241,0.636842175608,1.40366988617,-0.0256187756392,1.03123609306,0.75412251837,False,-1618.98809621
94,0.73889610616,-0.873673286177,0.947697052917,0.517411748753,0.342773451827,0.601512032995,1.37448307082,-0.00875896268411,0.961534964479,0.747272154126,False,-1604.72651798
95,0.65668562884,-0.649559013568,1.02838885496,0.443478311814,0.22311149913,0.665294165217,1.36950860114,-0.0091239681049,0.997099383247,0.755748548499,False,-1624.73996994
96,0.726823719114,-0.813717635044,1.05264837386,0.556085418257,0.366846270769,0.602520668505,1.42261389175,-0.0184637559771,0.947617561701,0.769186921549,False,-1624.00701277
97,0.712227594087,-0.90415054907,0.944427348038,0.479077909662,0.364576452073,0.567860407521,1.47668262571,-0.00718206706199,1.02422903193,0.734484487085,False,-1673.33239954
98,0.671919000857,-0.693317481371,1.18724363766,0.536010991936,0.338777069943,0.612732403761,1.44197029654,0.00185288886692,0.936707809554,0.791770463637,False,-1657.15877836
99,0.702312393363,-0.649470564399,1.11181710659,0.548395669196,0.260708777529,0.67778105956,1.38864249146,-0.0853671888174,0.956568533286,0.777128586066,False,-1600.9554799
100,0.726412862745,-0.819052480646,0.987814793072,0.52124581021,0.327298877361,0.614282097154,1.38233984867,-0.029727247721,1.01521523107,0.744834861357,False,-1607.57274488
101,0.715619158043,-0.801934858209,1.05174007346,0.538607428702,0.355684574669,0.602272441967,1.41020164939,-0.00490318721017,0.982780981625,0.762498623454,False,-1595.86822637
102,0.680079533212,-0.697205038183,1.05313265746,0.487082459741,0.269561086775,0.64374098211,1.39535241338,0.00152997231447,1.07100511053,0.74683142728,False,-1655.51542819
103,0.62572570571,-0.687439526915,0.947134020978,0.370833901461,0.211963888252,0.636299430105,1.40002507767,-0.0410206699409,1.01378110189,0.737034257896,False,-1648.75069385
104,0.670712061822,-0.878774435616,0.929442569315,0.418114080186,0.333556918073,0.556246125172,1.46968823746,0.00639512456656,1.05038025336,0.726371408309,False,-1635.84484388
105,0.605080154762,-0.655954322634,1.16885831385,0.427944736205,0.293927987776,0.59282574613,1.42321035915,-0.0495780892913,0.965806457812,0.78405096266,False,-1625.5372745
106,0.683396850898,-0.617113652027,1.2219155097,0.570672734997,0.28430380181,0.667471808207,1.36027851957,-0.0470596568732,0.928340186014,0.797927152102,False,-1593.93277872
107,0.685908641069,-0.750954178925,1.05765150622,0.497594006301,0.315414798552,0.612040119775,1.42541708468,-0.0349239126647,0.959584427427,0.767797850197,False,-1628.89003636
108,0.69600925893,-0.742853527953,0.980422996177,0.474945222315,0.265218224464,0.641676138401,1.38725146323,0.00235893360062,1.02103406188,0.742312980889,False,-1631.55692621
109,0.634048680415,-0.707708876646,0.957212578137,0.384816426964,0.229454238109,0.626460693704,1.41912259563,-0.0564635491803,0.94065908896,0.753256597652,False,-1623.08889672
110,0.670728505461,-0.848874261439,1.10594953774,0.497540959415,0.440684076776,0.530300237388,1.42170773173,-0.00671851995309,0.916315123357,0.783590059251,False,-1624.30412208
111,0.676176717287,-0.872269704541,0.978732948611,0.4474913391,0.364418150775,0.551159143575,1.4932275548,0.014510920635,0.943414692755,0.756827662505,False,-1678.38097699
112,0.613397569054,-0.677011030775,1.05269780736,0.396084474373,0.253962112382,0.609317058874,1.42637243453,-0.0272643247222,0.980379849989,0.763105912365,False,-1634.84474068
113,0.700710999214,-0.796532141795,0.920781258108,0.452099826598,0.268961152239,0.626992501143,1.42239405395,-0.0327283502417,0.998845936448,0.734433513527,False,-1665.32505314
114,0.670001866765,-0.738880006296,0.964821445241,0.43311076024,0.254104133809,0.630240648144,1.44058189992,-0.0220111461713,0.948879807299,0.753110891976,False,-1685.1798267
115,0.682781836516,-0.780424175993,1.03652941159,0.483220720522,0.327185985327,0.596269400333,1.45733283157,0.0461449134637,0.975859135291,0.761137753863,False,-1654.77804717
116,0.715194346203,-0.826064955392,1.04845876788,0.536289755701,0.375060313761,0.588456372223,1.42954146027,-0.0199007905593,0.983097498142,0.761873867839,False,-1619.38616758
117,0.674886108365,-0.863279093631,0.981437474402,0.447016562354,0.358920054367,0.554654737208,1.41514571037,-0.026659329215,1.00030200094,0.746413237548,False,-1636.26473324
118,0.769352727004,-0.756061430028,1.05962555577,0.627196200765,0.320914262487,0.661522285719,1.38531844814,-0.1102160873,1.01268345399,0.75839939672,False,-1617.73691383
119,0.706153675901,-0.817042226433,0.934458998113,0.465970795857,0.291460368489,0.615198869272,1.45119152732,0.0319632817302,0.968134164832,0.743303380535,False,-1677.3343584
120,0.602506316441,-0.765863321328,1.00146543723,0.363545835377,0.294133490545,0.552770660484,1.48289616038,0.0480169381063,0.998535961748,0.75054887429,False,-1642.16278223
121,0.691803261506,-0.840617000161,0.997146882874,0.477226274305,0.351305228632,0.575990499593,1.44849919974,-0.0113756754094,0.957273412392,0.757573377661,False,-1637.15129183
122,0.711616735675,-0.811170270488,1.05484845098,0.534173545132,0.366078475253,0.593360007016,1.42924623364,-0.00600348355351,0.911252257772,0.776423575259,False,-1638.30975235
123,0.692744506849,-0.739980907688,0.926804881172,0.44476898375,0.23517310779,0.654127740118,1.42196044137,0.0105671439442,0.997805165857,0.735906004362,False,-1651.61353703
124,0.725819504108,-0.726667557369,0.999337916215,0.526465157569,0.263673374681,0.666294752225,1.35139590427,-0.0518654043854,1.00887253983,0.74821533051,False,-1620.51285711
125,0.661399354061,-0.710735630563,1.01169756937,0.442566196811,0.258516098848,0.631261407614,1.40895282892,-0.0420623306963,0.947386761689,0.762111325652,False,-1640.19518444
126,0.641658340274,-0.683785415868,0.93146670127,0.383508524052,0.202835674145,0.65406722746,1.44866787526,-0.0485850401273,0.929518619541,0.750392345109,False,-1688.93254611
127,0.71375960641,-0.735764979576,0.936700786796,0.477204815874,0.237492555061,0.667701932707,1.37183585626,-0.0278793770445,0.985538479132,0.740349911701,False,-1639.56765323
128,0.681604961346,-0.684402791321,1.04793891635,0.486857040286,0.257196755611,0.654330430098,1.38515901806,-0.0228128002303,0.969485404829,0.764304841084,False,-1643.90409405
129,0.679197907557,-0.789993487409,0.929461971013,0.428769913752,0.269575411613,0.613979786473,1.39854306695,-0.0168941186569,0.964633041548,0.742971444264,False,-1615.12336006
130,0.637971639898,-0.774989678759,1.00901713504,0.41067785773,0.305744690948,0.573234131851,1.44478751772,0.0334631389082,0.962059248542,0.758828638244,False,-1632.48814552
131,0.630316884929,-0.704453313792,0.911071658716,0.361968200976,0.20595840085,0.637350319236,1.45945374888,0.0535409765804,0.95570204395,0.740926120392,False,-1657.62809716
132,0.662732159934,-0.688047086137,0.998290499608,0.438463079449,0.235895795597,0.650192494937,1.39780375708,-0.0071964315297,0.941121359582,0.760893529679,False,-1628.61569702
133,0.634716900142,-0.722517971776,1.06345758095,0.428430416152,0.295194088125,0.592061785663,1.42077949846,-0.0140401075356,0.977881996175,0.765397736606,False,-1610.13425306
134,0.733528794287,-0.669867559829,0.891672337528,0.479777223365,0.17838506234,0.728964928234,1.38182848379,-0.00927493030956,1.01198893491,0.725525548557,False,-1645.07239997
135,0.757133912828,-0.837504371276,0.997246316566,0.571673208075,0.34877797435,0.621079334777,1.44785849305,-0.0330131825369,0.950946227381,0.758807466315,False,-1636.74664593
136,0.70548194946,-0.824566715539,1.08885232362,0.541927007286,0.403050597224,0.573481323472,1.42468482355,-0.00588008777438,0.967855253416,0.771431026988,False,-1620.81617198
137,0.612587809731,-0.816902120817,0.984462272748,0.369433077676,0.323376313958,0.533239130613,1.46918734624,-0.0103924346714,0.997683800736,0.747490263539,False,-1642.01631594
138,0.765098301976,-0.901976627917,0.98904018053,0.578959802853,0.397913289355,0.592666342712,1.43849189203,-0.0115338670781,0.969247207957,0.753771174436,False,-1633.8532247
139,0.744107972673,-0.816423394107,1.07749357986,0.596604612495,0.386928097475,0.606593564654,1.38359525433,-0.0471408543947,0.996385022481,0.764384807051,False,-1601.40810815
140,0.691310657723,-0.863148404425,0.902989194398,0.4315479501,0.303742844123,0.586907864875,1.41662212313,-0.069998513306,0.987629383386,0.732827410639,False,-1632.4612965
141,0.697919736773,-0.843304787474,0.988216221543,0.481352175244,0.347250670599,0.580920253483,1.47076787961,0.0146176491002,1.03243232205,0.741703426704,False,-1651.66536821
142,0.662143232034,-0.642768223289,1.00677486846,0.4414039901,0.209384019614,0.678260790782,1.36921886815,-0.0396657818932,0.978456989528,0.755311220104,False,-1622.83115962
143,0.666951393545,-0.756742682632,1.07042371553,0.476150331552,0.328078604999,0.592058193771,1.44325391635,-0.0229574573824,0.998042200076,0.762896672716,False,-1643.07728323
144,0.698659399716,-0.710876701226,0.893265273529,0.436025073062,0.201613434065,0.683812329696,1.35177981243,-0.048990294766,0.977060455739,0.732814094428,False,-1596.17860044
145,0.720537044964,-0.85599187837,0.902779765736,0.468699450926,0.29858839592,0.610852176081,1.43207067292,-0.0509706353701,1.03211225995,0.724067470416,False,-1636.67627897
146,0.728070608286,-0.846882531606,0.983673877042,0.521432548201,0.34699133556,0.600435522274,1.44749551632,-0.052475333724,0.948140183369,0.756834871576,False,-1646.48180557
147,0.683234828019,-0.721620961046,0.997604121763,0.465691410705,0.259122278292,0.642498089887,1.36131568985,-0.051933476134,0.987460400034,0.751911374357,False,-1603.39402437
148,0.66764922317,-0.940907091706,0.851630392721,0.379618918918,0.321044912431,0.541798936856,1.52584632521,0.02054020612,1.01857358996,0.714961905027,False,-1669.33134415
149,0.691037215857,-0.791614811646,1.03980604258,0.496541110086,0.338768094439,0.594439888123,1.48871142481,-0.0370855535102,0.936918533321,0.769023478175,False,-1675.68108217
150,0.628628444086,-0.760320812407,1.11020111641,0.438722305914,0.356260014405,0.551864229808,1.43681721543,-0.017675020192,0.917233979271,0.784070361378,False,-1594.6557715
151,0.760515480129,-0.827438582834,1.01386950545,0.586405692721,0.351888976174,0.62496965203,1.40834978059,-0.117812112328,0.989608855495,0.754513645827,False,-1688.51819082
152,0.683023240276,-0.747918883558,1.03023808193,0.480627439322,0.296861720204,0.618178959067,1.42079537544,0.00104264636536,0.93165673869,0.768381200471,False,-1619.02088242
153,0.588605527123,-0.760071810489,0.9719370763,0.336733885173,0.272869851532,0.55238159627,1.47869622997,0.0774906933845,1.01271840582,0.742214390629,False,-1653.19731353
154,0.74435881225,-0.789845762946,0.95159494373,0.527250249844,0.282461227022,0.65115817783,1.36418546565,-0.086080235819,0.985100457414,0.743455758864,False,-1616.90041411
155,0.610013246292,-0.72221502129,1.06274103653,0.395463114282,0.294549262579,0.573124667823,1.45574967515,-0.00239642717096,0.957384779575,0.769060459848,False,-1671.05068036
156,0.665918946777,-0.764379640085,0.964214698866,0.427579121896,0.271603724605,0.611541207047,1.38607360794,-0.0315005331602,0.947225062892,0.753318401344,False,-1617.89280243
157,0.647053224721,-0.772788199649,0.976204238507,0.408715116751,0.284559013085,0.589543297754,1.46767535118,0.00209374697029,0.966438824509,0.751880350086,False,-1665.12002845
158,0.712200377322,-0.963441596212,0.934397998344,0.473954114998,0.405214137418,0.539093755599,1.47284350717,-0.0159050372537,0.951766983271,0.746530792525,False,-1634.81690097
159,0.633872551271,-0.774897968423,1.0864478277,0.436528665288,0.354386199065,0.551928766246,1.507784152,0.0514348543069,0.991284381771,0.766791068687,False,-1662.02761421
160,0.662989278012,-0.855179258068,0.937885385713,0.41225200697,0.32165022471,0.561726057198,1.3983276341,0.0252555033594,1.01663110481,0.734580976496,False,-1598.292654
161,0.656618511513,-0.611236051851,1.09314876954,0.471308763211,0.223226869352,0.678595512043,1.39317875861,-0.0156111764029,0.953396563886,0.774762117895,False,-1628.3899825
162,0.655938011497,-0.767083053534,0.977310438697,0.420492385104,0.281008758428,0.599417961012,1.41557678313,0.0127329627077,0.969518283204,0.75149793467,False,-1631.15336445
163,0.673026221599,-0.739517212857,0.928890339525,0.420754157738,0.235936683743,0.640718784488,1.39116172041,-0.0406046303378,1.00461950396,0.735019118691,False,-1613.57938006
164,0.669164921539,-0.780025800312,0.98690250756,0.44191687489,0.296303270244,0.598624783952,1.43030065264,0.00592156399278,0.979098207726,0.751485663324,False,-1631.16308114
165,0.612181649806,-0.73660645139,1.04308076131,0.390911592994,0.295173191708,0.569771552599,1.45603416643,0.0431999001592,0.96073168739,0.765100782028,False,-1655.45170879
166,0.706366391533,-0.777974316152,0.907878582764,0.452989177459,0.249434237905,0.644894756568,1.40306711471,-0.0915265585802,1.00194646355,0.731063118036,False,-1638.70626346
167,0.557839088888,-0.6246428998,1.11456774394,0.346836149372,0.242351973396,0.588667924504,1.41057283843,0.0144599720383,0.935474383021,0.781389213717,False,-1670.25741277
168,0.662727947113,-0.708345340434,0.979581523396,0.430240366836,0.240736120286,0.641215266248,1.36723300731,-0.0415161205285,0.985586273546,0.748852399863,False,-1627.0361886
169,0.699748017727,-0.837836323216,0.990474922573,0.484983359979,0.344330380301,0.584800825578,1.4126732739,-0.00880295270589,1.02933061716,0.742715932834,False,-1624.26446608
170,0.630867750401,-0.775461400268,0.823753283336,0.32784896186,0.204025613138,0.616402771013,1.47003420431,0.0416703158012,0.956464932681,0.720962156147,False,-1692.17188057
171,0.683302450655,-0.699347743797,1.02000107223,0.476240784477,0.254423731067,0.651791313723,1.40117412412,-0.0669020606081,1.01976375992,0.750043626078,False,-1640.67654848
172,0.732036427629,-0.803757520398,1.0221263651,0.547734348859,0.337465425754,0.618769191506,1.43520115276,0.00985522072509,0.969271476591,0.759822744977,False,-1643.3307285
173,0.649830528254,-0.752870590995,1.07638948974,0.454537447442,0.328359485898,0.58058401826,1.47857931507,0.00815967069199,1.03518545344,0.757246825143,False,-1665.45997032
174,0.687320015221,-0.745245473095,0.975370732176,0.460773720384,0.264184988716,0.635586157667,1.42160568037,-0.0714191344751,0.960142835109,0.752938799103,False,-1674.94716954
175,0.652952669,-0.735302426621,1.04473545375,0.445420022865,0.295062942309,0.601526360245,1.44941070081,0.0226447050522,0.955203698757,0.766420171923,False,-1646.38434071
176,0.649368556744,-0.690041289162,1.01089206607,0.426272483705,0.243293068609,0.636640403964,1.40215760931,-0.0241210539966,0.953793035916,0.7607424064,False,-1621.29132789
177,0.641844370369,-0.672748438625,1.02580972105,0.422596876752,0.238127209094,0.639596596832,1.38199044383,0.00654052430912,0.957266428252,0.76274135023,False,-1620.96633708
178,0.731827831759,-0.7810128788,0.992462107121,0.531534891157,0.30040991562,0.638906435652,1.39845569802,-0.0827428198003,0.918360990707,0.764265770559,False,-1616.79040963
179,0.689938464776,-0.861765089961,0.97472104932,0.463981923316,0.352783681302,0.568072309476,1.46330977451,0.0173223241633,0.979495473417,0.749082702044,False,-1673.20108423
180,0.590482990434,-0.708478342629,1.11285623984,0.388019765417,0.310814515389,0.555238596723,1.45305152072,-0.00706148408898,0.971327757014,0.774628517807,False,-1639.92411191
181,0.759088839848,-0.832610161661,0.883608966915,0.509149506768,0.270628572784,0.652941548524,1.41539053061,-0.0351225425612,0.97923497831,0.73024289642,False,-1666.66216027
182,0.659797616511,-0.650246315178,1.09176365921,0.475280634152,0.251989864066,0.653512874943,1.37246499112,-0.059872060498,0.927408272425,0.77933032624,False,-1603.47681461
183,0.67830220816,-0.781929843884,0.978911129475,0.450391025212,0.292949064108,0.605901701903,1.37924413971,-0.0569831616294,1.01989476187,0.742231333567,False,-1624.62517372
184,0.628081478893,-0.834154161599,1.02765167063,0.405394550584,0.367412993678,0.524573748787,1.48421251558,0.0275723585318,0.962784946452,0.762025004977,False,-1644.31128867
185,0.73851828256,-0.777756809925,0.979085374655,0.534002223476,0.289933751927,0.64811130891,1.39884934423,-0.038713363093,0.911409425337,0.763188197659,False,-1643.19309619
186,0.679633143037,-0.753521044778,0.901442115231,0.416377202972,0.230694088106,0.643479642372,1.42934277891,-0.0247045928025,0.960164056732,0.73798156052,False,-1643.43409476
187,0.647598519772,-0.689546199626,1.01766702947,0.426793109522,0.246211396599,0.634160849801,1.42722965057,0.00317985376386,0.957787192127,0.76119726968,False,-1639.29777505
188,0.66182315081,-0.686951246477,1.01028909266,0.442516607219,0.24083143013,0.64757134437,1.40034573077,-0.0366191934562,0.99607371258,0.752647551847,False,-1644.99135349
189,0.630669164386,-0.619285272086,1.0939552943,0.435113711421,0.229483072846,0.654703305405,1.44581600589,0.0171402508707,0.97346645425,0.771236092243,False,-1676.66371615
190,0.706805711909,-0.750825463827,1.0615941746,0.530345181934,0.317661837604,0.625401877243,1.40011373159,0.0343352182418,0.994931717464,0.761961784937,False,-1621.97062833
191,0.669865721364,-0.768804930936,1.04314242754,0.468078958398,0.321580380017,0.592760619203,1.40694058871,-0.0232436958629,1.00261956668,0.757355227749,False,-1632.44185914
192,0.595582862571,-0.711595699223,1.03967787852,0.368793441444,0.273674441527,0.574026268424,1.44226695548,0.0129711316203,0.993121333293,0.758491267762,False,-1636.71588167
193,0.685204175546,-0.724627824916,0.92666803898,0.435075057267,0.225449037712,0.658681584175,1.42100108368,-0.0657209889572,1.01744669045,0.73207113349,False,-1658.03459119
194,0.658941417027,-0.689243036151,0.881724383398,0.382848069954,0.184663252299,0.674608690509,1.41458566839,0.0163267836915,0.932727365501,0.739308747851,False,-1660.83848472
195,0.724369429006,-0.745788416719,0.961440504084,0.50447847533,0.257066864656,0.662440499392,1.37589702192,-0.0377073069563,0.975822095122,0.747205753367,False,-1641.24594773
196,0.678034874275,-0.737394483066,0.970378818117,0.446113506553,0.256007323023,0.635379962765,1.42182127195,-0.0282382002205,1.00768571574,0.742860055393,False,-1642.98353081
197,0.653876504873,-0.657489296349,0.945084335268,0.404075044947,0.193058313559,0.676691461281,1.37085945754,-0.0112770595621,1.02126999591,0.735183740521,False,-1626.53206532
198,0.655971264207,-0.831279741685,1.0179357424,0.438016018918,0.358018217327,0.550247714199,1.49973007989,0.0293426738297,0.929916138783,0.766571106135,False,-1654.15787371
199,0.763523243053,-0.766001003579,0.988134526436,0.576050554342,0.286457917331,0.667878140634,1.40500097645,-0.0741812424141,0.923849326882,0.762399887772,False,-1669.80721938
200,0.713304359385,-0.847611045275,0.966322801803,0.491668045969,0.33543445798,0.594446327537,1.48862676256,0.00664795555835,0.980501733658,0.747258852753,False,-1649.91094254
201,0.703967584873,-0.793241142957,0.932610560867,0.462174151903,0.273640972852,0.628111785629,1.42013005802,-0.0315780012281,0.97302698489,0.741961428234,False,-1648.33336835
202,0.763505684675,-0.908788287838,0.923527871005,0.538362196495,0.352204953754,0.604516118009,1.42291505924,-0.0418692788958,1.0380491117,0.727448355688,False,-1630.43438334
203,0.717036843104,-0.873198461155,1.04348027358,0.536496861985,0.415111164953,0.563779252379,1.44047440141,-0.0265691040921,0.999231458582,0.758036136769,False,-1670.81823389
204,0.713376263152,-0.658821323573,0.94950933366,0.483210705294,0.195660777589,0.711785245775,1.35715552031,-0.0260608965936,1.038820727,0.732768835601,False,-1634.71580736
205,0.672266888723,-0.722271487874,1.00666079038,0.454953065726,0.264324398636,0.632513999489,1.43709511068,0.030911787726,1.0066631921,0.749999552657,False,-1641.38429604
206,0.635329235537,-0.736831196329,0.91873975819,0.370843090442,0.229134790914,0.618094603094,1.44739701385,-0.00917980111618,1.0014992205,0.733482105748,False,-1649.62914298
207,0.72892719326,-0.851091763157,0.935243494495,0.496927464736,0.316790515871,0.610687580438,1.38909331723,-0.0413666333987,0.998521370123,0.737524904095,False,-1621.98993544
208,0.684106747462,-0.783845108891,0.988404896046,0.462575509597,0.300123695796,0.606497956633,1.40512101553,-0.0257869562314,0.962855913404,0.754878154933,False,-1632.91922704
209,0.709830493412,-0.921582698982,0.918452361749,0.462770791056,0.358221708604,0.563672373679,1.44829983368,0.0117796982552,1.00536716109,0.732666610144,False,-1675.39221226
210,0.613820650329,-0.835885393045,1.01069906285,0.380806938636,0.356867667664,0.516226172602,1.465914276,-0.0371379115942,0.934967435268,0.7643175688,False,-1667.6991825
211,0.719062504665,-0.814486110703,0.927134715322,0.479375825642,0.285116962598,0.627050814627,1.44642361071,0.00832464944642,1.00023755539,0.735501765006,False,-1675.03035897
212,0.737033326428,-0.883148195944,1.03465737549,0.562044638772,0.417474826068,0.573796293945,1.43302895831,-0.0328616586723,0.961533122497,0.763489882902,False,-1613.43105508
213,0.804650681431,-0.914491319115,1.02980845305,0.666762581193,0.443447370037,0.600573414474,1.36976404943,-0.103836305247,0.96337439516,0.762294104432,False,-1597.78445727
214,0.705850016547,-0.88001265292,1.04793321733,0.522105736914,0.425221339305,0.551135663722,1.46946562995,-0.0381509806784,0.983748084631,0.761662820782,False,-1672.55355765
215,0.769385658489,-0.946818561495,1.00638007317,0.595731003184,0.453970454434,0.567524222112,1.44552940364,-0.00117864612159,0.97499556362,0.755893235344,False,-1635.39767436
216,0.668796397136,-0.761693707514,1.01061757305,0.452037740428,0.296281429463,0.604070774365,1.43830215964,0.0325409045055,1.05541912111,0.741779073582,False,-1671.60568378
217,0.607709881393,-0.620405762699,0.975991223479,0.360444587475,0.183321530877,0.662866948326,1.38768556601,-0.0156730774212,1.03942813906,0.738007847713,False,-1641.22491423
218,0.663664670914,-0.759091661832,1.01062865082,0.445132193125,0.294267065592,0.602018717056,1.37565989039,-0.0214672970043,1.01929606006,0.748395392527,False,-1634.97189563
219,0.658605474641,-0.809449606353,0.956075637151,0.414708488152,0.299456772764,0.580689807875,1.44613285336,0.038875964383,0.98460892546,0.744445658435,False,-1635.7128489
220,0.673175484133,-0.775033280408,1.07114289473,0.485404718864,0.344592269624,0.584827084431,1.39954366242,-0.00564670156349,1.02201802451,0.758698882361,False,-1628.94955373
221,0.70213371097,-0.655153547467,1.11516938773,0.549769305864,0.266893426026,0.673190148633,1.36698296008,-0.0731388831923,0.952033623126,0.7784701882,False,-1620.15458675
222,0.761164259413,-0.917737744581,1.02374430875,0.59312779442,0.441357176382,0.573355641852,1.4486615544,0.00159639091958,0.952814063092,0.763219946085,False,-1659.01489157
223,0.705262000729,-0.83785302922,0.997184720966,0.495994185393,0.349025311829,0.586961823986,1.43238639061,0.0182254766179,1.03727032262,0.742537723757,False,-1647.89546423
224,0.657882414735,-0.742889492258,0.964804632059,0.417576390055,0.256860424029,0.619148275027,1.40179576727,-0.00498694733677,1.00983000126,0.741350687153,False,-1647.83440978
225,0.657079174301,-0.68907344295,1.09012583848,0.470665146164,0.282133265965,0.625220694652,1.4060920179,-0.101524992951,0.971435018772,0.770985867259,False,-1647.55123765
226,0.609386492506,-0.631207372452,1.04391929017,0.387661408978,0.21709407738,0.641021731465,1.38449900825,-0.00920426621494,0.982227626544,0.761246696847,False,-1623.37325145
227,0.668788278897,-0.776167014289,0.893514021293,0.399648951751,0.240482297507,0.624323452752,1.45940336719,-0.0299077498832,0.964912329138,0.735310821338,False,-1661.46430939
228,0.704086560485,-0.852998568752,1.00900102724,0.500200034859,0.370381960389,0.57455821231,1.44245727062,-0.00804105507213,1.01045055807,0.749730734215,False,-1651.91199867
229,0.695732073718,-0.712720210526,0.956708757544,0.463088290403,0.232470393977,0.665778892281,1.41601679734,-0.0246089980981,0.963092424546,0.748750984322,False,-1652.53929682
230,0.772196587839,-0.825663379357,0.981338757904,0.585160103563,0.328256967501,0.640627509711,1.38957396744,-0.050972566207,1.01466789372,0.743685565504,False,-1629.94925128
231,0.648162300569,-0.722264557416,1.05141467212,0.441714410357,0.288343840412,0.605039953855,1.45065492808,0.0141862697509,0.958056514196,0.767026629723,False,-1647.19881576
232,0.658205304496,-0.763006201184,1.05816063783,0.458431401598,0.325933758103,0.584461708846,1.47356762857,0.0160238439892,0.998698921544,0.760686401806,False,-1681.20408473
233,0.614166604944,-0.767555176581,1.13867774304,0.429509949091,0.381936248615,0.529314143445,1.45322802288,0.0179844367965,0.988668152517,0.775542524485,False,-1631.08677038
234,0.763373315845,-0.823688975353,0.948255800562,0.552585465656,0.305033492165,0.64432515235,1.40055917373,-0.0821465017579,1.01961234405,0.73615110027,False,-1624.63130934
235,0.659590274817,-0.735646671498,1.02874625284,0.447565656151,0.286368395102,0.609817265444,1.39051214002,-0.0247243520127,0.979344042279,0.75911349239,False,-1604.07536382
236,0.704355666481,-0.715248925126,0.991601057944,0.491950047766,0.251511817094,0.661701791334,1.40085949548,-0.0614104560824,1.03936291442,0.741076255548,False,-1654.78670973
237,0.655366398987,-0.701162539058,1.03671352625,0.445273764307,0.264195212969,0.627615552715,1.38859598857,-0.049623669395,0.957340991794,0.764635444516,False,-1622.07954457
238,0.75752980657,-0.806237526327,0.974234968266,0.559066108108,0.308477468853,0.644424237531,1.3586441493,-0.0829328242477,1.01842865127,0.74158991651,False,-1635.6980552
239,0.708737455683,-0.735047455483,0.968940116502,0.486707128867,0.253626504148,0.657415936764,1.41817875679,-0.0284591513452,0.913428390018,0.760898189542,False,-1644.05520176
240,0.675992212991,-0.645410020751,1.06030460091,0.484522592443,0.234154605552,0.674186677684,1.34982269649,-0.0704746534798,0.949284082206,0.77016014519,False,-1580.86864987
241,0.557294636477,-0.584867031529,1.14336702009,0.355103855553,0.223591664421,0.613628140009,1.44973881239,0.0103643773693,0.980304836071,0.777729111762,False,-1682.96284338
242,0.664081327834,-0.736162403343,0.881065251331,0.388553308889,0.210345593466,0.648779464048,1.39301758029,-0.00397879487666,0.912467500863,0.743376288624,False,-1611.46198227
243,0.677735396628,-0.742464772221,1.03097974184,0.473555046061,0.292969205123,0.617795256092,1.40301510272,-0.0918692688702,0.979108085413,0.759553853222,False,-1612.44812185
244,0.593508590114,-0.667974104607,0.893878714238,0.314870963999,0.178256940618,0.638517838985,1.44169974033,0.020957858159,0.98981030614,0.730403174899,False,-1658.3723598
245,0.636763044112,-0.709067828371,0.968680933272,0.392768320858,0.235888663436,0.624773653472,1.40968515006,0.00228988714299,0.955270409356,0.752604785572,False,-1633.67787526
246,0.696491175448,-0.712880670327,1.11180567917,0.539336887686,0.314095315029,0.631962194501,1.41122446839,0.0012896879432,0.954726576167,0.777460462366,False,-1636.33709102
247,0.650435678289,-0.718108574498,1.05448225376,0.446116191904,0.286700717385,0.608768965684,1.42701798281,0.0141769230013,0.920024690252,0.774695451855,False,-1645.07068669
248,0.659991241409,-0.7197092535,0.953726345466,0.415432169803,0.235576376117,0.638136277022,1.4128000945,-0.00210981426845,0.986728723123,0.743567469703,False,-1606.51459255
249,0.629880781156,-0.622112378383,1.05492288595,0.418540442402,0.215352103512,0.66027033304,1.38606919116,-0.0369279500907,0.947508705208,0.769590272845,False,-1609.44932821
250,0.776419920683,-0.88638310997,0.990513905836,0.597109411073,0.385419871489,0.607726834885,1.36574274394,-0.000289428129652,1.02411779913,0.743692425527,False,-1624.30846338
251,0.708962966263,-0.685997657436,1.05626937327,0.530911077512,0.262521359545,0.669132055504,1.3856386962,-0.020206551935,1.02280773441,0.755987244542,False,-1648.4142612
252,0.611488454385,-0.73522053841,1.04549624572,0.390930000962,0.295427024803,0.569572374562,1.41407881852,0.037112049872,1.008762841,0.756646171656,False,-1659.24197916
253,0.648793747872,-0.721641325544,1.00485877544,0.42297854779,0.262919534447,0.616678423142,1.39819402032,-0.0641254464246,1.02731876689,0.745832402079,False,-1616.40176188
254,0.673964052727,-0.648427179908,1.06258858928,0.482657005582,0.237368301163,0.670333391147,1.36366680593,0.0122007622233,0.972358640316,0.766266932208,False,-1628.36336691
255,0.687244571076,-0.801884378886,1.07300903893,0.506787641942,0.370169192682,0.577893485669,1.40202815542,-0.03483125602,1.01580391711,0.760131181392,False,-1620.83006405
256,0.665055192786,-0.790597988184,1.08017543806,0.477759878183,0.364644787216,0.56713821493,1.47068411868,0.0136774136941,1.02966913609,0.758870724284,False,-1665.55239086
257,0.695904837843,-0.866292156891,1.10748007367,0.536334374247,0.460225428881,0.538185839488,1.48781372269,-0.00122248120382,0.992066659553,0.770062561721,False,-1652.86813635
258,0.690614978076,-0.663275787878,0.945578445056,0.450992739125,0.196676929739,0.696331418323,1.33217761948,-0.0936119896915,0.924387462003,0.754225662959,False,-1632.15702184
259,0.63831650268,-0.810376180494,1.01032833638,0.411656217155,0.335172521223,0.551205645955,1.4715478155,-0.0385879245707,1.03736920425,0.745015023314,False,-1658.57667511
260,0.686140037819,-0.767998572335,1.11745869081,0.526086311424,0.368259352102,0.588235995186,1.48414403717,-0.0194130075407,0.904557199717,0.787509659681,False,-1668.99460169
261,0.721854132453,-0.868353225976,1.03511222135,0.539369432699,0.403959402275,0.571772443184,1.4436013156,-0.00866044235921,1.00845026733,0.754860841326,False,-1643.22217639
262,0.725113949692,-0.844834750226,0.949261857887,0.499112620118,0.321577462963,0.608162119182,1.4122750971,-0.0381346163685,0.987803542842,0.74246367042,False,-1616.98092284
263,0.717367925936,-0.90103590996,0.975208583859,0.501858663379,0.386055046969,0.565211075727,1.47065811623,0.0101981840646,1.00018552914,0.745228321582,False,-1657.86342365
264,0.672558630063,-0.665906883484,1.03834488557,0.469679848939,0.239045332896,0.66271082357,1.38618566509,-0.060905745621,0.957931226568,0.764807451371,False,-1623.52403622
265,0.705083711974,-0.86474671055,0.991020448292,0.492678919249,0.367208793713,0.572957273168,1.41359194271,-0.0452617389239,0.988121812178,0.750548820138,False,-1636.98173824
266,0.707743765501,-0.853942706889,1.08117140732,0.54156009599,0.426203071832,0.559599821523,1.48691202584,0.00632197718265,1.00543585322,0.763368400327,False,-1674.02083047
267,0.599021860419,-0.654696435215,1.01620796736,0.364643048632,0.22131719024,0.622299986316,1.44147387343,0.0126707484753,0.990509536135,0.754771771895,False,-1675.79896847
268,0.678675699894,-0.692378553324,1.02894616924,0.473933331606,0.253771313508,0.651271549231,1.37992419733,-0.0498022897841,1.02283204729,0.751115805125,False,-1651.28064909
269,0.639212881101,-0.740002601208,0.974022853597,0.397979024396,0.259761504382,0.605069943212,1.40263687019,-0.0655980777416,0.981212515873,0.748618534868,False,-1631.35340052
270,0.688229223516,-0.81484395579,0.980421224788,0.464385791926,0.319112863024,0.592707835543,1.43102436376,-0.0238246535215,0.953226938083,0.755237068736,False,-1633.24321717
271,0.709784142068,-0.638232449686,1.05153802461,0.529758051593,0.225204845476,0.70170077715,1.32764979338,-0.0741795371123,1.04233538399,0.751644523132,False,-1593.40150237
272,0.651719047392,-0.669095096842,1.02494499974,0.435332798968,0.235150995235,0.649281612369,1.41254397915,-0.0394585997307,1.02611155194,0.749786655559,False,-1647.75199769
273,0.681810944309,-0.774945603039,1.11124313669,0.51657933398,0.370792229795,0.582145467658,1.42127668886,-0.00370903044468,1.01378243027,0.76681318706,False,-1640.27958275
274,0.693591223467,-0.892610636131,0.953576984547,0.458736121618,0.362247702876,0.558763897572,1.44309981813,0.0273818541831,0.952160749736,0.750278574948,False,-1682.63790062
275,0.692609401744,-0.736634189272,1.00327697991,0.481279776151,0.273096065318,0.637984078618,1.37786076119,-0.0115335990262,0.992460969114,0.75202684069,False,-1649.02900347
276,0.686619825618,-0.72238683344,1.02792170754,0.484610384182,0.275695528827,0.63738868249,1.39709363604,-0.0443182266174,1.04152414719,0.747527002576,False,-1621.06680669
277,0.666153427861,-0.750202967929,0.936490975282,0.415577599908,0.246794088839,0.627408458073,1.39388252896,-0.0247041336314,1.03842365781,0.730132129273,False,-1624.45923413
278,0.692775254832,-0.732985710121,0.941299625434,0.451765039537,0.238021831159,0.654934239443,1.38859088269,-0.00837043208726,1.00183002052,0.738133556365,False,-1645.26547479
279,0.609362404312,-0.73746624443,1.09355663756,0.406062228062,0.325189758209,0.555297265082,1.48796517612,0.102602851426,0.989937688844,0.768197460125,False,-1635.22912245
280,0.772299101534,-0.842607935702,0.943826175708,0.562941254918,0.316231501261,0.640307892802,1.41949325339,-0.0682964954657,0.967380330368,0.745349757215,False,-1642.81437614
281,0.638557465083,-0.788148835003,0.90106727584,0.367415260331,0.25217435317,0.592997771953,1.45886282002,0.0252969888197,0.965197224909,0.736888705096,False,-1654.04170079
282,0.711808353654,-0.742877422409,1.06413018114,0.539164043827,0.312459580307,0.63310132381,1.38955795447,0.00337533603786,0.997159075109,0.761988956832,False,-1622.45287039
283,0.692996498174,-0.822009096309,1.04647154459,0.50256183375,0.369979872536,0.575974569616,1.38598418284,-0.0523804580533,0.955127814456,0.766731490385,False,-1627.24404886
284,0.652226483443,-0.713606156997,0.940779117851,0.400206858817,0.225352572034,0.639758333229,1.41103314928,-0.0526354302721,0.967912742146,0.74463090358,False,-1646.73851691
285,0.660756527808,-0.703037665234,0.959319725141,0.418838214027,0.227433240327,0.648084038379,1.42777693684,-0.0636543263645,0.973792650698,0.747181881217,False,-1634.71533319
286,0.672347455065,-0.684749540073,1.00665940014,0.455061489493,0.23757383562,0.657000116791,1.38482645849,-0.0275210648948,0.97495995322,0.755951177284,False,-1629.06708891
287,0.623963871919,-0.668999052439,1.06146467739,0.413261012453,0.252134400057,0.621075836537,1.38836467191,-0.0373740685124,0.960290345229,0.768307968041,False,-1616.77762823
288,0.662631100023,-0.675357722234,1.07143018484,0.470443538472,0.261797502539,0.642470869733,1.38990615868,0.0148877951367,0.990705471752,0.764398000483,False,-1630.95460134
289,0.645908771107,-0.828990686537,0.994159469956,0.414761482318,0.33961073891,0.549810121114,1.46410783487,0.0465679008766,0.960040743663,0.756490531491,False,-1655.66991399
290,0.666593973738,-0.682914368494,1.00293273797,0.445650680685,0.234555769945,0.655169736001,1.4032607428,-0.0468800401145,0.983207864427,0.753705819798,False,-1661.95014978
291,0.739433345704,-0.770564167808,1.05557367227,0.57714722675,0.330799407875,0.635662058473,1.35172295903,-0.109572927904,0.974168158895,0.764744208898,False,-1590.8623054
292,0.751445704012,-0.914587388815,0.946573293309,0.534502153093,0.374739019188,0.587855202105,1.43820952165,0.0559548067592,0.949846771058,0.74935214009,False,-1671.13671743
293,0.694596101789,-0.881932240374,0.939674276519,0.453358770173,0.343395910796,0.56900672315,1.46708488666,-0.021691241819,1.00280785607,0.73761060116,False,-1675.82853597
294,0.710081442266,-0.681625902986,0.992049620542,0.500206948867,0.22862776301,0.686310545746,1.36010013948,-0.0999834371543,0.948266312003,0.758367484058,False,-1625.14003886
295,0.703114674335,-0.7480861507,0.963827622514,0.476487698135,0.259939315604,0.647026370904,1.42215932686,-0.0296937956264,0.971690819112,0.748473431969,False,-1651.41515089
296,0.752095044531,-0.811143290271,1.004598322,0.568247982851,0.332009156513,0.631206305403,1.41614112937,-0.0405684790278,0.948328621394,0.760651428338,False,-1624.82502971
297,0.681510126066,-0.783350947555,0.876602911438,0.407143527357,0.235770013295,0.633278818399,1.43736801435,0.0331194500429,1.02490233243,0.719566796468,False,-1676.25487893
298,0.676212724108,-0.795860625792,1.02664385938,0.469446916588,0.333797953865,0.584438113278,1.44864257596,0.00768085313968,0.958180268304,0.762715767977,False,-1635.91535446
299,0.638429296559,-0.743786643382,0.976502607395,0.39801461824,0.263762815062,0.601432744925,1.47919270925,0.0376467877074,1.00338346432,0.744873836772,False,-1664.82607265
300,0.617411822994,-0.688722077393,1.04442971515,0.398133849257,0.258711928214,0.606129875402,1.42201599879,-0.00905639763523,0.991460159125,0.759631413714,False,-1651.23882723
301,0.633529535274,-0.797050823881,1.13363134723,0.454993905765,0.408211962563,0.527097790295,1.44821023816,0.0309491026727,0.937648326998,0.783879412181,False,-1603.50588914
302,0.655290633281,-0.691426874661,1.18291735503,0.50795158981,0.334480900028,0.602958214382,1.39527275227,-0.0981353939307,0.968138858396,0.78566255533,False,-1635.06305826
303,0.686445966432,-0.781591945838,1.07916455941,0.508511043674,0.355717723125,0.588398654626,1.40505093437,-0.0938172726896,0.973452988241,0.768827993954,False,-1614.7960777
304,0.653853087093,-0.668362111067,1.02486210613,0.438153003068,0.23459811577,0.65128543201,1.43499890974,0.0153902150007,0.913330421401,0.770975554156,False,-1669.2107802
305,0.717878571503,-0.825811140845,0.911548354269,0.469766119335,0.283328917334,0.623780660423,1.39788134106,0.00516483760894,0.973953836373,0.737379570331,False,-1646.04587863
306,0.692005078632,-0.748288054796,1.02716573716,0.491879913353,0.295385163519,0.624795799793,1.42536206258,-0.086535458824,0.928382030345,0.768476312038,False,-1659.83739992
307,0.768141632364,-0.824574292474,0.92524492815,0.545932967607,0.291033520094,0.652275778815,1.37742343222,-0.0899858745506,0.978924254056,0.739277456617,False,-1636.87017239
308,0.717187753747,-0.796905344788,0.950997366868,0.489153364318,0.287172013008,0.630088077248,1.38661144909,-0.0846283466914,0.948242360676,0.750543574637,False,-1649.61379264
309,0.717926201277,-0.790733835643,1.09916141469,0.566527611541,0.37770575191,0.599986860738,1.40501436142,-0.0313975539233,1.01720086261,0.764246790333,False,-1622.33827595
310,0.644347809505,-0.774525174574,1.03757042751,0.430782743731,0.322906101395,0.571565768177,1.39817273058,0.00489848956403,0.935640066698,0.768883679802,False,-1612.48460714
311,0.728632617593,-0.767460722971,1.04297444412,0.553720859793,0.320353634384,0.633493899526,1.39237981838,-0.0218615991464,0.975457904426,0.76233740285,False,-1651.48854497
312,0.743767237783,-0.901662262063,0.936819152106,0.518238709454,0.35675437875,0.59227748932,1.42127295758,-0.0425742839485,0.909848172221,0.755437250843,False,-1625.51200941
313,0.618936380508,-0.656196822095,1.03995132091,0.398386884744,0.232843581986,0.631127465707,1.43337599582,0.00126663645609,0.954405666592,0.765747460047,False,-1646.00972876
314,0.762519874265,-0.816924421648,0.998050544575,0.580303073995,0.332383024148,0.635818903319,1.33652801616,-0.0658170065574,0.95101338327,0.758942052063,False,-1587.69915759
315,0.685320795676,-0.802454589991,1.01986335818,0.478993709023,0.334884396574,0.588532491204,1.47175971812,0.0161630080357,1.08218907691,0.738713959066,False,-1655.93303952
316,0.63895674038,-0.648266477674,1.15067149337,0.469779721211,0.278214551649,0.62805256438,1.41809251172,-0.0352212651753,0.957581727968,0.782841402528,False,-1692.51107228
317,0.762121671431,-0.801367368349,0.975188036414,0.566417923098,0.305358519837,0.649728411095,1.41741514496,-0.0893363060225,0.976847710623,0.749681029139,False,-1661.54299389
318,0.64631638427,-0.779346900284,0.879877582552,0.367546747534,0.235112724968,0.609874671028,1.44969372988,0.037563496981,1.01917772237,0.721445608971,False,-1637.61614337
319,0.693839406696,-0.829047797152,0.901190533444,0.433844948479,0.279101638298,0.608523775168,1.45325225808,-0.0271169531979,0.987284430837,0.732505298906,False,-1686.5392976
320,0.722471687117,-0.811250878296,0.979270608224,0.511145314686,0.315562802202,0.618289943264,1.42936535794,0.00927000075671,1.02440432254,0.741456729144,False,-1666.07784649
321,0.620676405404,-0.734470067437,1.03089366263,0.397140650108,0.286646040085,0.580796110548,1.43554834993,0.0110241576131,1.02703356189,0.750702736929,False,-1657.52150772
322,0.648324839984,-0.639577748281,1.18799501575,0.499344121586,0.288659551707,0.633682479549,1.35524345053,-0.0732501019923,0.997050760264,0.781398173059,False,-1612.00722978
323,0.695173722401,-0.83942771557,0.936137387209,0.452403842677,0.308756275626,0.594360939044,1.38827778474,-0.030392685816,0.995905891177,0.738216974145,False,-1616.53169131
324,0.758771882636,-0.849394465696,0.928380407007,0.534500879988,0.310914367121,0.632234729401,1.42148013011,0.00585936794917,1.01803421978,0.732319942736,False,-1675.28224014
325,0.696476044997,-0.795268611092,0.968532051818,0.469814444156,0.296637247087,0.612973328292,1.40407971074,0.00416131778469,0.985319147535,0.7467641748,False,-1618.39662166
326,0.736649635295,-0.750422292291,1.12386650096,0.609869174527,0.35564025328,0.631655328227,1.38720483805,-0.129772984144,0.971260902381,0.776354565482,False,-1629.52502937
327,0.715998179137,-0.866968770667,0.964423270498,0.494414861453,0.349552388436,0.585822330805,1.42755639378,-0.0153435054009,0.956221420849,0.751597974087,False,-1627.17731325
328,0.704117020909,-0.873110263543,0.922437195988,0.457326631729,0.324326029359,0.585076536543,1.43021703914,0.00248349148476,1.03151717539,0.728464418996,False,-1652.83052666
329,0.739912159632,-0.805907322473,0.979891570354,0.536461241913,0.311814459969,0.63241377859,1.4144531712,-0.0272713451829,0.994075463483,0.747295730696,False,-1639.15392319
330,0.607912769684,-0.761480549788,0.96392821895,0.356227322609,0.269387241228,0.569403820179,1.47887504244,0.0511504987364,0.906508666983,0.761337898446,False,-1662.24979709
331,0.698960469499,-0.829918316925,0.981947034777,0.479726038706,0.332060203844,0.59095118094,1.4190703908,-0.0903396141134,1.03136616909,0.740680809878,False,-1644.8006046
332,0.697311597203,-0.780924089006,0.989177237103,0.480980965877,0.298356752433,0.617166286934,1.38760999048,-0.0501190652511,0.961351259862,0.755311810783,False,-1635.61679137
333,0.713979361229,-0.896798179654,0.982438000904,0.500814008953,0.388123327326,0.56338505372,1.47226445051,-0.00366556817332,0.953334515867,0.755595893522,False,-1633.55354802
334,0.663809217487,-0.703287397313,0.989331605595,0.435941727349,0.242058000416,0.642982156919,1.41509703097,-0.0305963970067,0.970296635296,0.753624979994,False,-1652.34046307
335,0.728785190624,-0.860463196635,0.9024014185,0.47929052892,0.301463087093,0.613881920096,1.44457193733,0.00157577123785,0.993162621914,0.731604282814,False,-1658.08601977
336,0.668680266694,-0.655219424128,1.0618949626,0.474808597891,0.242050872784,0.662345434934,1.37702770064,-0.0512988288835,1.01593594986,0.758203800602,False,-1606.26384767
337,0.753830293647,-0.786011943718,1.01601544317,0.577361049147,0.318881198287,0.644202000966,1.33577309598,-0.113394886439,0.957147245449,0.761023474264,False,-1605.88511717
338,0.709218702958,-0.759996534225,1.05724135287,0.531783063601,0.322805935393,0.622267621309,1.41470909691,-0.034553885533,0.975735802175,0.764738940237,False,-1623.35278847
339,0.622150991691,-0.765199502884,0.916014487093,0.354563428065,0.245654117131,0.590724864515,1.46645465958,0.0106130375768,0.969567441591,0.739196094771,False,-1670.95847305
340,0.679577153546,-0.898674047603,1.12862369143,0.521226757759,0.514366563558,0.503312204733,1.4744029629,-0.0411015041437,0.983521637614,0.774906559684,False,-1627.86578424
341,0.648803292401,-0.684193789936,1.0637820127,0.447794476995,0.264870472106,0.628338011516,1.38929246803,-0.0117504574713,0.968377485884,0.767201478584,False,-1607.23907924
342,0.746247475,-0.804975848006,1.08620711562,0.604892768864,0.382261880392,0.612763936553,1.39638295092,-0.0607215604061,0.961175735742,0.772222285354,False,-1599.75467304
343,0.719591031669,-0.799430552536,0.988999677717,0.512115162195,0.312553084068,0.620995369369,1.41920259096,-0.03375919227,0.969651312104,0.753686198401,False,-1632.99172746
344,0.730606393369,-0.847958136784,0.980325355692,0.523283658207,0.345508948142,0.602311362209,1.40885682294,-0.0569919483852,0.984269682845,0.7492463541,False,-1626.73597939
345,0.69814051844,-0.758262824113,1.01141565168,0.492964174213,0.294082290691,0.626346977206,1.41283031291,-0.0709016833935,0.957875295734,0.760058626575,False,-1624.09663903
346,0.686137031007,-0.730902273236,1.00791351669,0.47450958256,0.271353337993,0.636188727828,1.38605436372,-0.0471741066524,0.902932130704,0.770051592249,False,-1644.52808402
347,0.651524693418,-0.798784684582,1.11307953498,0.472484927646,0.395259083146,0.544498056765,1.47440657028,0.0487724932388,0.931664275829,0.781857770631,False,-1694.16939416
348,0.676214337913,-0.68434851583,0.969181511866,0.443173589219,0.219955540334,0.668306623052,1.37255509452,-0.0927219585884,0.937897852971,0.756101442123,False,-1641.69590054
349,0.808885597765,-0.87749008994,0.840933013121,0.550219031297,0.27225586838,0.668979723896,1.40786212422,-0.0159573289331,0.996871840137,0.716771290764,False,-1661.35376667
350,0.662609653967,-0.644544929975,0.985092041797,0.432506191321,0.201571913541,0.682102390865,1.38251439971,-0.0142806360066,0.962594026264,0.754306807269,False,-1618.88102569
351,0.790928783005,-0.745281206746,1.126630108,0.704784126212,0.352511306096,0.666591479236,1.34410709996,-0.0927311722581,0.963046787112,0.778249888848,False,-1655.98615011
352,0.70329055689,-0.876229807269,0.938559348606,0.46422797942,0.3381656801,0.578553897968,1.46215599842,-0.0358336217088,1.03582840294,0.731058894301,False,-1636.4197628
353,0.681455596284,-0.749508268492,0.877590540511,0.407537013177,0.216325007605,0.653248634475,1.40657595096,-0.0382164195173,1.00619252459,0.723494795719,False,-1644.29683259
354,0.684747981979,-0.711440183717,0.994279562747,0.466197601357,0.250186466006,0.650764893576,1.39462308083,0.00190412288053,0.958033064654,0.756898187831,False,-1610.73369313
355,0.710578097574,-0.718274381023,1.00354456212,0.506710957427,0.2597909879,0.661069369121,1.35404110234,-0.0523496749027,0.963638426457,0.757530838578,False,-1634.64152069
356,0.673554538031,-0.746607489834,0.969152471623,0.439680941189,0.26178147141,0.626806131435,1.43687293931,-0.0314091611206,0.993235224622,0.745369523718,False,-1647.33700263
357,0.696249301014,-0.883481525577,1.01586502819,0.492453869239,0.40275131644,0.550101671792,1.44376515393,0.0287050536631,0.966108735305,0.759297452264,False,-1646.57616343
358,0.673650655821,-0.722077969659,1.07595870605,0.488275662342,0.301807065264,0.618005742034,1.40449875326,0.000145673332567,0.999035456248,0.763648839428,False,-1643.79640059
359,0.732834222455,-0.768365273993,1.09858982137,0.589993266574,0.356267826119,0.62349944548,1.39999946259,-0.0185051322346,0.972556028498,0.77214576766,False,-1596.10802768
360,0.682435509605,-0.784143438178,1.03265988039,0.480928526285,0.32785034034,0.594635377024,1.42679124537,-0.00585315313211,0.951606423097,0.765011433762,False,-1615.5345012
361,0.760264551506,-0.895202044256,0.969790435445,0.560540993857,0.376849486652,0.597980249973,1.42582681069,-0.0358929356197,0.934509664132,0.756883818383,False,-1639.09386989
362,0.695669933735,-0.778239375238,0.903573083521,0.437290208588,0.247242414095,0.63881573222,1.38463495873,-0.0793623910093,1.0396542428,0.722786478563,False,-1629.2300898
363,0.65027410162,-0.800235861189,0.944656545383,0.399454072854,0.285728722706,0.582989058456,1.455805918,-0.000932953920192,0.944508949526,0.750029296684,False,-1620.49254534
364,0.66185803835,-0.776952643682,1.12518333792,0.492893383084,0.382125206663,0.563294756088,1.42131018102,-0.0347392009794,1.02885527838,0.766403132741,False,-1599.42839403
365,0.778497614097,-0.877805047739,0.989484295927,0.599685402949,0.377210665669,0.613868171051,1.41451510575,0.0101157185739,1.00286344582,0.747473290573,False,-1635.12101858
366,0.735783950643,-0.779597493199,0.929462534606,0.50319058853,0.262527407308,0.657148703915,1.35636104576,-0.137708332236,0.961892988729,0.743514394459,False,-1612.97485524
367,0.674999043061,-0.793701847644,1.10280201438,0.502462743127,0.383071540654,0.567411959458,1.4719834562,-0.0721553315911,1.02999031038,0.762587318803,False,-1647.01525622
368,0.663329529861,-0.692394238344,1.04609108349,0.460286421471,0.262310633088,0.636989064053,1.41184622265,-0.0499062805982,0.955323593774,0.766629780576,False,-1624.28049349
369,0.708927082248,-0.758843678715,1.01923027337,0.512242312735,0.299101971172,0.631350122131,1.39880923721,-0.0479985674262,0.990568139164,0.755310085365,False,-1628.10222836
370,0.772599796456,-0.809603320994,1.11452384663,0.665270925794,0.407092683126,0.620378125722,1.38206014134,-0.107420589292,0.963175158508,0.776356673387,False,-1598.10221217
371,0.738918538153,-0.763732742038,0.934603038324,0.510293825318,0.254745898697,0.667016116026,1.41632538673,0.0124741492884,1.05656636911,0.726304766605,False,-1628.3952528
372,0.655626344866,-0.754091707398,1.00443961802,0.431754255706,0.286857363625,0.600817248277,1.425833176,-0.0208439781123,0.97116452737,0.756263376102,False,-1666.42628494
373,0.590406094619,-0.803815859009,1.1070256067,0.385886273682,0.395911829755,0.493588142495,1.47418282797,-0.0559369022142,0.977799205589,0.772545381688,False,-1657.7246039
374,0.621454338683,-0.790124645315,0.883934014572,0.341380173705,0.243893886106,0.583282597243,1.4781453987,0.0577371909611,1.00647830351,0.724876661169,False,-1625.41340881
375,0.671565473633,-0.653425670172,0.99863746711,0.450385682789,0.212901195549,0.67902094478,1.3735366214,-0.0644034420106,0.918437192119,0.765366590236,False,-1649.85879502
376,0.714347863236,-0.70930625236,1.0254896059,0.523300033852,0.264545334115,0.664216678969,1.32713041206,-0.0167993167149,0.953320895069,0.763431602386,False,-1612.9995312
377,0.720924298927,-0.838545872665,0.962815147067,0.50040569257,0.325918853335,0.605580089627,1.46271249591,0.00246905680227,1.01152330472,0.740632971539,False,-1674.30221564
378,0.696637375525,-0.828251655603,0.918738833752,0.445867293778,0.289520138059,0.606302575316,1.45952028019,-0.0508630630333,0.926033825555,0.748514157549,False,-1629.39830925
379,0.66355137154,-0.775374508348,0.908733099922,0.400115567992,0.248236555447,0.617126949272,1.4664229746,-0.0242540790342,0.963560173843,0.738855559357,False,-1657.00832101
380,0.621790861774,-0.688263141356,1.08684266054,0.42019932179,0.279777240862,0.600304844777,1.4209042649,-0.0264182876289,0.972834842744,0.770198094729,False,-1649.26914399
381,0.641115134632,-0.711361438975,1.1010774744,0.45257435025,0.306751291188,0.596021424211,1.4564766378,-0.0161760715195,0.91246928247,0.783554590391,False,-1671.00708032
382,0.709505095149,-0.871636921915,0.956205626353,0.481351502708,0.347331227059,0.580863441963,1.48407103873,-0.00124432851524,1.0165924139,0.738342946995,False,-1672.22951466
383,0.692408915313,-0.801611973726,0.915940776493,0.439129583568,0.269546180989,0.619648089479,1.39676857133,0.0610348664602,0.976304071778,0.737843465397,False,-1618.54075779
384,0.620613976491,-0.697689551646,1.10095149981,0.424044359888,0.295005978649,0.589728336337,1.44222072229,-0.00621425364356,0.976453795681,0.771819712826,False,-1614.64305647
385,0.602051358281,-0.80817046581,0.993369724475,0.360062589634,0.322253612238,0.527706345894,1.47760826074,0.0403885726342,1.03723735406,0.741810335016,False,-1681.13181514
386,0.665817313991,-0.667320732265,1.12364442692,0.498125839807,0.281123430579,0.639238121533,1.40021998187,-0.0598177070998,0.984747743012,0.773916469633,False,-1606.826757
387,0.61686816545,-0.690914309893,1.02420870406,0.389738382943,0.250377503206,0.608855976513,1.44201824925,0.0508481751684,0.977376102846,0.758672699186,False,-1644.46166781
388,0.656856164134,-0.768627400693,0.986903555779,0.425809428271,0.287707482453,0.596775523987,1.49807395078,0.00771630921649,0.957192832135,0.75568749147,False,-1689.81823363
389,0.722460735795,-0.85537139156,0.934305311443,0.487660203951,0.319342765326,0.604285513829,1.418832781,0.0102227682236,0.976574324197,0.741612160001,False,-1670.08679182
390,0.646880868173,-0.809785747879,1.12243629798,0.469688921245,0.413079523808,0.532063559677,1.47468157733,0.00134444954807,1.00220959462,0.770636147381,False,-1644.67019848
391,0.619298525112,-0.833401938137,0.936022097728,0.358993175917,0.304264455115,0.5412575131,1.48584241546,0.0447526698873,1.01513469878,0.73448042598,False,-1673.12976959
392,0.769327637603,-0.785290118629,1.01291782563,0.599510623024,0.316357910096,0.654581527091,1.35623669676,-0.0449337933068,0.980360703563,0.756075428677,False,-1622.22202023
393,0.750121853498,-0.740932952495,1.12603959822,0.633603108515,0.34804480116,0.645448436522,1.33400425852,-0.0120208839258,1.00285669718,0.771088265833,False,-1587.7112877
394,0.603970885823,-0.820768429311,0.9495292877,0.346370082552,0.303688271789,0.532829214853,1.44003645981,0.00652509445489,0.925816445374,0.754711904261,False,-1648.28419202
395,0.764061198793,-0.778781320185,1.03581965123,0.604700652338,0.325363887501,0.650170634871,1.38915197528,-0.057136362848,0.920629437835,0.771447558159,False,-1587.26521005
396,0.709582656765,-0.857289130966,0.918808623748,0.462627076105,0.310223551226,0.598598305733,1.45096986134,0.0123619061197,1.03071925457,0.727837402495,False,-1661.08838325
397,0.703181976199,-0.747727922041,1.0153360498,0.502048029852,0.288188611082,0.635313529955,1.37978827806,-0.0125132134414,0.932884327459,0.765541709687,False,-1634.88850507
398,0.611894511234,-0.799937900433,0.926142874597,0.346761685183,0.274434389131,0.558216156736,1.43535489173,0.0131325247263,1.04832495985,0.726053706637,False,-1628.92212793
399,0.777589858983,-0.80964952327,0.940096101463,0.568425336829,0.289673413253,0.66242415197,1.3956424641,-0.0655375180443,1.00594677916,0.737092270288,False,-1665.31678341
400,0.6509418505,-0.782482369389,1.01437545174,0.42981653523,0.315004376307,0.57707366774,1.45413361317,0.00941919996807,1.00608997352,0.751534644771,False,-1633.47820136
401,0.612848047561,-0.580490377776,1.03214298108,0.387655077966,0.179489803447,0.683520367847,1.35133670406,-0.0626676971557,0.98717282746,0.758259281172,False,-1638.98853227
402,0.688703599456,-0.768219589586,0.989200202143,0.469190167186,0.288741462681,0.619040225657,1.42814488875,-0.0599678204827,0.952972154596,0.756930374034,False,-1635.15096181
403,0.713967833939,-0.886785128865,0.92449808436,0.471262961276,0.336061559612,0.583734234602,1.47715919255,0.0417735894719,0.991490947507,0.736654755681,False,-1669.52602024
404,0.66625939189,-0.666811517738,1.01045936417,0.448544505536,0.226993747979,0.663980911817,1.36915457027,-0.0528454298511,0.963900534952,0.758740096792,False,-1610.5767611
405,0.704238275107,-0.788347762987,1.10256674497,0.546819684078,0.377759558634,0.591425438531,1.3972066205,-0.072660047484,0.952245879299,0.776465275905,False,-1608.81587496
406,0.668583600521,-0.697038958627,0.997410773164,0.445846636053,0.241675273239,0.648483531983,1.46768296414,0.00343504969288,0.990478396217,0.751305463309,False,-1655.45173431
407,0.629481098704,-0.789696496344,1.07754295546,0.426972574731,0.362042546316,0.541146250993,1.47534197761,0.0188971436099,0.963274187185,0.770425061093,False,-1642.75888152
408,0.696955914607,-0.77347554796,1.02846063047,0.499572228338,0.316401493649,0.612240584319,1.35602286329,-0.0715436776645,1.00688554493,0.753954119422,False,-1583.96120557
409,0.681618466096,-0.739814143608,1.01008492632,0.469289227743,0.279210048554,0.626973522359,1.42052418589,-0.0707991248043,0.986136587135,0.754471988099,False,-1622.6845802
410,0.709492439506,-0.852975515563,0.801333316414,0.403374781552,0.233598222222,0.633268253383,1.4573310548,-0.0639938854779,0.983000613869,0.709772527181,False,-1642.47628576
411,0.729102351257,-0.773045278743,0.979855199504,0.520881459306,0.286882245519,0.644843852471,1.40775859864,-0.0299152352983,0.968379552843,0.752202368422,False,-1625.05950135
412,0.645844911753,-0.714353499513,0.964203678489,0.402184444122,0.237210509092,0.629007848905,1.4167726682,0.0207835789677,0.980435211276,0.746856828239,False,-1657.91095035
413,0.671176928367,-0.761894336793,1.05156274231,0.473706374394,0.320944454363,0.596118895559,1.43031164403,-0.0258593226868,0.939140779892,0.770595992572,False,-1608.72439738
414,0.715572908196,-0.724178114692,1.09739785988,0.561916633875,0.315783194634,0.640215043484,1.39948828895,0.018839623583,0.986527808578,0.76943396892,False,-1582.58229213
415,0.637459250891,-0.72703025474,0.955881031438,0.388426364112,0.241480829741,0.616640622464,1.43891377693,-0.00530442822733,1.01009594717,0.739514202383,False,-1622.82028265
416,0.751078513937,-0.787135118574,0.966869450185,0.54542936365,0.289603801999,0.65318287475,1.39149416815,-0.0211026173385,0.995926074129,0.744407217906,False,-1621.25755312
417,0.620503135857,-0.579152052131,1.04679644903,0.403041904226,0.183772145179,0.686830699836,1.40168732451,0.038708544805,0.99875489864,0.758704978772,False,-1625.17337512
418,0.619985061969,-0.688559961197,1.02007435401,0.392097686912,0.246670488146,0.613834098538,1.43086959335,-0.021060820962,0.960357700501,0.761139557387,False,-1650.25249744
419,0.605371618058,-0.652268029944,1.04891102358,0.384399453336,0.234045065467,0.621558509533,1.43248830388,-0.0714050658347,0.952030918175,0.767727314685,False,-1653.38327786
420,0.649697102652,-0.751248702595,1.0869327098,0.458801171867,0.333382494051,0.579160100878,1.44160996624,0.0187689852468,0.924062171215,0.779189242929,False,-1640.91972049
421,0.729334228824,-0.841700640551,0.914368803772,0.486378750651,0.296161172418,0.621538577538,1.42934441303,-0.0369100388305,0.989855218886,0.734833808396,False,-1647.53790469
422,0.744166373026,-0.836292866616,1.02669785643,0.568568425541,0.368614232482,0.606678346717,1.38856132473,-0.0204186425829,0.97027184987,0.760448317754,False,-1621.9593977
423,0.656563527552,-0.712372449406,0.917562132843,0.395538707247,0.213626536236,0.649312664304,1.42816355976,0.0165531485473,1.00964311979,0.731644154274,False,-1642.41355427
424,0.610949956892,-0.710231340086,0.985588684295,0.36788068429,0.244997180423,0.600251217202,1.44926885787,0.0186526796958,0.968483639918,0.753268271903,False,-1623.87686264
425,0.663820638298,-0.744012580557,1.05045162083,0.462889742082,0.305409592552,0.602486194138,1.46384111061,-0.0182252298167,0.994646773139,0.760094939522,False,-1656.02587443
426,0.682867868185,-0.80257272482,1.01611161345,0.47382150811,0.332522951798,0.587616746526,1.42814831612,0.0129596096952,0.942677138234,0.763799972716,False,-1620.4252914
427,0.82538675143,-0.883359595958,1.03857266215,0.707541428133,0.42084177145,0.627040023632,1.35980602047,-0.0950077130975,0.948893872964,0.766547482076,False,-1620.21586547
428,0.682186280106,-0.720338013066,1.03945432286,0.483739299392,0.280319616908,0.633117798997,1.39938081636,-0.0389096371479,0.999396204006,0.757296101563,False,-1630.82576633
429,0.737241914394,-0.836087642777,1.00110521082,0.544126350757,0.350294289524,0.608356209877,1.45271473826,-0.0205607885453,0.973859700738,0.755137850572,False,-1670.98939592
430,0.674364969025,-0.786836950203,1.07112548648,0.48711371461,0.355156856407,0.578334007351,1.42678066131,-0.0547127360407,0.945372253618,0.772678678409,False,-1637.35758534
431,0.741373671903,-0.948751390311,0.976179868974,0.536542545547,0.428878770852,0.555759994557,1.43142994516,0.0545570057197,1.0483609241,0.736387441446,False,-1629.87217025
432,0.623880310195,-0.730249331256,0.981921762971,0.382190109967,0.25707870975,0.597855077832,1.43475496985,0.0216964537581,0.967906333462,0.752685859506,False,-1623.42629682
433,0.719648786848,-0.840549662775,0.861222450086,0.44602226374,0.262015778732,0.629941100598,1.43036678239,-0.0216880683327,0.943047305,0.732598920757,False,-1673.01454065
434,0.782463740345,-0.811290620965,1.05597483183,0.646520068034,0.366969567083,0.637914829745,1.38618144655,-0.0261227205814,0.979883608572,0.763758692787,False,-1634.47229008
435,0.740243287337,-0.738324608016,0.989047767608,0.541958737823,0.266623991284,0.670257622768,1.38608417437,-0.0650919435381,0.952430965929,0.75700652657,False,-1645.15231498
436,0.682009049999,-0.791128301683,1.02514007291,0.47682990589,0.328874550621,0.591817386682,1.44747153535,-0.0104023818497,1.00031920344,0.75456742941,False,-1659.94138763
437,0.736792563555,-0.76141177963,1.00886296833,0.547674661783,0.295035006579,0.649897209376,1.38410666812,-0.0949286376855,0.985706008581,0.754328624936,False,-1646.63564911
438,0.68030497814,-0.669028357166,0.885310637363,0.409734921593,0.175408413786,0.700230006597,1.37967607347,0.012278232901,0.963370075283,0.733824345511,False,-1654.26350423
439,0.626039719403,-0.788675845885,1.00522388328,0.39397310454,0.314262587434,0.556274004551,1.47690170916,0.0132270341681,1.02748165765,0.745871210042,False,-1660.45077496
440,0.657885575808,-0.756511294912,0.928078449805,0.401684817964,0.246473489733,0.61973257643,1.41448675216,-0.0299112009488,0.961428622388,0.743322244167,False,-1649.73673164
441,0.656474744688,-0.796039946401,0.962746240491,0.414904244101,0.293672574617,0.585545890214,1.45284262678,0.00298654428564,0.96391352085,0.749772734769,False,-1642.3371669
442,0.659996021323,-0.787654253716,1.07677534705,0.469037686125,0.359659434699,0.565994106095,1.45062130657,-0.00387963936484,0.950220914379,0.772704164195,False,-1645.55832576
443,0.749818150887,-0.855365293052,0.953156435185,0.535890530333,0.332354544892,0.617211137298,1.41269932283,-0.0268738551338,0.988452176775,0.743120492111,False,-1648.44270042
444,0.68726045731,-0.7609271032,1.01898890044,0.481295905347,0.300604181748,0.615546555488,1.43521906924,-0.0278276068974,0.967624156937,0.759572043217,False,-1627.76547343
445,0.663864614652,-0.795758574887,1.04067077124,0.458640495418,0.342893594719,0.572203354869,1.44055232197,-0.0539374452192,1.01989766177,0.753761509108,False,-1656.99694337
446,0.671019358544,-0.686127480495,0.984175839468,0.443141882574,0.227994846616,0.660285547342,1.41416158686,-0.0242202631059,0.935471165956,0.759395194829,False,-1629.7703412
447,0.75187723359,-0.94535261179,1.00084973043,0.565799743465,0.447605499863,0.558315389811,1.44241169567,0.00371209160642,0.997765440343,0.750578258906,False,-1641.00982102
448,0.787062330601,-0.835191627267,0.853242230575,0.528555500625,0.253914178785,0.675496462717,1.40791087919,-0.0383163738883,0.990853952365,0.720931855466,False,-1649.46017535
449,0.630975760215,-0.669101116789,1.12270418271,0.446982676546,0.282152690004,0.613031128446,1.39612216306,0.0259660736047,0.953054119229,0.779445183998,False,-1607.61445145
450,0.631032276864,-0.669795738184,1.12592751799,0.448346290524,0.284364665609,0.611900622983,1.39221108873,-0.00423443021551,0.948347993717,0.780786089726,False,-1622.23905674
451,0.593769115613,-0.596880664501,1.04791702455,0.369455473292,0.195613497099,0.653823679322,1.39388743436,-0.00589350835124,0.946907478354,0.768519550992,False,-1619.06475624
452,0.695701848915,-0.846232446837,1.02319826481,0.495229047401,0.374859861991,0.569170623893,1.49606451351,-0.00187963791268,0.970360059972,0.759809182294,False,-1667.73191523
453,0.707555404395,-0.750778566396,1.14328328347,0.5723672268,0.3683845797,0.60841469859,1.36427765006,-0.0239690437473,0.978184284974,0.778090583029,False,-1594.09398001
454,0.718446713348,-0.889113510058,1.010904935,0.521794433108,0.403929020542,0.563661243593,1.46211436084,-0.0171699194525,0.994806478934,0.752997834449,False,-1663.21769805
455,0.688963666774,-0.784445227395,1.04234857522,0.494772571894,0.334288324653,0.596786766756,1.39862731404,-0.0582421112187,0.947822646297,0.767397972209,False,-1635.87450833
456,0.796939898237,-0.876774198934,0.939012390349,0.59637916539,0.338912956858,0.637639461729,1.39418706233,0.000843590562559,0.960097777055,0.745813218154,False,-1620.11498463
457,0.801465256664,-0.829861846739,0.894437628309,0.574538931567,0.275474702932,0.675917312674,1.40498054988,-0.044487717253,1.08127451839,0.712777416873,False,-1673.1078379
458,0.641453028055,-0.700945884092,1.09673878461,0.451266319755,0.295491769074,0.604300544588,1.46331787733,-0.0438429408917,0.950025029066,0.775950248281,False,-1644.68431371
459,0.75348027604,-0.766951045848,0.991609102077,0.562968740705,0.289192017753,0.660636781402,1.3589696006,-0.0753643733889,0.966077760364,0.754858910824,False,-1619.50570345
460,0.748858837279,-0.733872710199,0.986152926276,0.553024263816,0.261878603611,0.67863825975,1.35386215415,-0.0367764025451,0.979696844211,0.751229525192,False,-1645.85316332
461,0.603466757002,-0.791175250627,0.875892023661,0.31897546111,0.240113475427,0.570527227896,1.50253241849,-0.0184923254816,1.0296686052,0.718465527215,False,-1693.98554786
462,0.624645707503,-0.719616080439,1.05496717924,0.411629478118,0.288170566685,0.588210133987,1.50814978488,-0.0113564282533,0.970994772739,0.765227486414,False,-1694.39102928
463,0.751934873428,-0.861972935656,1.00741528679,0.569598701919,0.377028636678,0.60171376707,1.41001314208,0.000722029422243,1.01529555153,0.748536188746,False,-1625.48313237
464,0.604244244328,-0.629160265521,1.02155847458,0.37298234532,0.206547070805,0.643595191102,1.39512899225,-0.0622946573735,0.966595835591,0.760225553329,False,-1614.04027465
465,0.699885452796,-0.837148312381,1.0967351144,0.537224341329,0.42148130268,0.560364220954,1.42676588085,0.0399516930914,0.979700419003,0.770556899013,False,-1581.7744169
466,0.67792783476,-0.713441445204,0.960546912833,0.44145405674,0.234813917921,0.652779775593,1.37598606486,-0.0641394450791,0.987932972467,0.744692039418,False,-1626.58698972
467,0.612733035849,-0.688543412189,1.00972166183,0.379091691177,0.241677381019,0.610680699404,1.44328945537,0.00917817309295,0.916946384235,0.767632917999,False,-1645.39985728
468,0.710665116485,-0.762329557636,1.06209272054,0.536404520107,0.327778442013,0.620707122935,1.40756662262,-0.0509156810352,0.985469988761,0.763775291979,False,-1631.03108596
469,0.693414945133,-0.681132169355,0.95294801715,0.458200550068,0.210654727573,0.685051857084,1.40553166062,-0.0211067700826,0.977959828141,0.745110811282,False,-1690.44832513
470,0.713836502262,-0.818249312779,0.986735172744,0.502803292734,0.325943647394,0.606703045753,1.41915551477,-0.0124045297637,0.936284964921,0.759710701471,False,-1641.68851658
471,0.641200023134,-0.619760013308,1.18310968969,0.486420724158,0.268823438248,0.644057575511,1.37673773605,0.0388028621048,0.985944262292,0.78260532712,False,-1616.49190868
472,0.722540454896,-0.830884078637,1.00196020922,0.523088065019,0.346538768821,0.601508652521,1.45100708135,0.0133340792289,0.95697033745,0.758514678984,False,-1653.84618832
473,0.614904559181,-0.633063507146,1.09426791576,0.413751033879,0.239945105082,0.632940917376,1.41460745057,-0.0383397546353,0.924506718287,0.780261826206,False,-1620.12158704
474,0.702893075645,-0.657171440666,1.07828636171,0.532736731989,0.25107044484,0.679678303208,1.39257606899,-0.00957538087503,0.972494307673,0.768858420751,False,-1624.96946655
475,0.642022624451,-0.776338276017,1.1320872205,0.466638484633,0.386217348384,0.547148142239,1.44982435357,-0.00625604235332,0.980964880792,0.775893508981,False,-1627.43405989
476,0.708964332589,-0.692373984283,0.892304485762,0.448499382804,0.190843616969,0.701500419905,1.40309629954,-0.011914807644,1.00649731608,0.726748555074,False,-1631.02853843
477,0.644141193673,-0.719460484546,1.03279764791,0.428526207842,0.27606692411,0.608189589721,1.43887970834,-0.0493448979635,0.962798214369,0.762927137166,False,-1643.45806424
478,0.572335009035,-0.650596581485,1.0836089872,0.354954937992,0.248507073461,0.588197651642,1.47986711678,0.0463338110362,0.933641075634,0.776879386502,False,-1659.6945318
479,0.660427087832,-0.89486317472,0.937807263649,0.409037709519,0.352136028282,0.537377590957,1.47741966162,0.0329654673227,0.949510209984,0.747667454594,False,-1645.6993331
480,0.662139563582,-0.808402439674,1.02109322859,0.447676680596,0.340687365307,0.567855273109,1.48063253721,0.0448164183662,1.04090733641,0.746379165769,False,-1654.54941749
481,0.661594215487,-0.708716572573,1.13863294714,0.498387504321,0.325598708558,0.604849324577,1.3975328211,-0.0189008087569,0.943002980847,0.783660421982,False,-1629.06310546
482,0.650411208773,-0.758635807127,0.977515504304,0.413523017696,0.274969160512,0.600621228221,1.43108642078,-0.00894629553563,0.995790190042,0.746510987896,False,-1670.36427199
483,0.69125720755,-0.779749098169,1.01332588257,0.484204120434,0.312160564828,0.608018071865,1.44050267607,-0.029204659759,1.00602715284,0.751352951261,False,-1647.39945582
484,0.625690748353,-0.741403518821,1.02549145323,0.401468533878,0.289030304573,0.581418116182,1.47032038232,-0.00582567233266,0.988442712974,0.756835700383,False,-1664.23932768
485,0.695957989808,-0.987050442118,0.837617985688,0.405706573252,0.341775311138,0.542764422422,1.49148830441,0.0389442663054,0.997761634363,0.715787271953,False,-1698.44371864
486,0.637066455647,-0.757886385636,0.982779822219,0.398864796579,0.277389921805,0.589814437868,1.44929495086,0.029623064224,0.955171578801,0.755304502106,False,-1646.8977077
487,0.672189979133,-0.747226429719,0.992253279341,0.448339094679,0.274865061464,0.619934344778,1.40260464687,-0.0264085683576,0.977147553563,0.752865341348,False,-1637.08885897
488,0.686096091357,-0.776229482716,0.916998019971,0.431656503254,0.25333025969,0.630167656669,1.44595589581,0.0273798026761,1.00035556405,0.733334489098,False,-1654.37448136
489,0.6824943918,-0.805659188801,0.900116151299,0.419272838466,0.262947982461,0.614570569536,1.39246887779,-0.0117506328452,0.990119302004,0.731708995311,False,-1629.91760412
490,0.739731315702,-0.821883911147,0.920222564019,0.503548013446,0.286007036717,0.637761753714,1.42669371745,-0.0451605093773,0.939051343529,0.746183065661,False,-1674.4141813
491,0.563287122166,-0.724817339204,1.0723905418,0.34026134944,0.302087741575,0.529714067007,1.46937777775,0.0184802966943,0.955298634874,0.771047227354,False,-1628.01891847
492,0.719970780421,-0.804597916924,0.985810098356,0.511002476692,0.31456785237,0.618969043223,1.39023763083,-0.0586108054693,1.02234404618,0.743115071731,False,-1627.37674706
493,0.675923163257,-0.819275397173,1.02674222445,0.469089899477,0.353795802426,0.570054745625,1.43650623393,-0.0202995790379,1.01883809403,0.751446207405,False,-1635.94455948
494,0.717850241211,-0.800141962879,0.961512232135,0.495475876837,0.295946852931,0.626057172988,1.40425519707,-0.0672111161046,1.00820710858,0.741003477472,False,-1636.98931835
495,0.725473392347,-0.755007021146,1.03915344074,0.546918554731,0.30777358614,0.639901232944,1.39734584356,-0.0318419439189,0.954889189171,0.765518851833,False,-1627.54526697
496,0.686059465396,-0.758944085673,0.977306372262,0.459996208046,0.275074940161,0.625784604889,1.40892244792,-0.0624859534068,0.963709262207,0.752617763182,False,-1658.79479054
497,0.71422309817,-0.861479640034,1.07219226603,0.546940965321,0.426584803883,0.561814574018,1.43082021319,-0.0363754425595,0.962761699076,0.769637778867,False,-1651.11376297
498,0.725771096214,-0.808506736832,1.01015049126,0.532090391264,0.333510452084,0.614706415033,1.41691933758,-0.0223740104609,0.993213606182,0.753156988357,False,-1640.62298879
499,0.677480224739,-0.785420767682,1.02493696286,0.470425008533,0.32401795486,0.592144471296,1.4013614811,-0.0103188458362,1.05230179842,0.745027122294,False,-1612.93792979
500,0.625649226003,-0.709373557792,1.11263848956,0.435527821255,0.311478557715,0.58303092653,1.41070469731,0.0196895373546,0.96958905277,0.774907014504,False,-1610.21011056
