id,offspring,height_1,height_2,height_3
1,2,1.13201875606,1.42880283075,2.12267957047
2,6,-1.54328386616,0.18176449715,0.142609990037
3,0,-0.186079600007,-2.00492301647,-0.139976593924
4,4,-2.07179318818,-2.26370701412,-1.59964486382
5,2,-1.80820616718,-0.282232147362,-1.93410761784
6,3,0.142700939869,-0.855142203928,1.55857706619
7,2,-0.142044093696,0.147607502927,-0.5435912829
8,1,-0.307125016417,-2.54966292414,-2.36562043595
9,2,-0.519969123897,-0.306949410464,-0.72523282777
10,4,-0.07750237881,-0.583879798945,2.42532282388
11,0,-1.61365180913,-0.0679852132561,-2.86620936985
12,1,-2.63762306452,0.610365316512,-0.322750709028
13,4,-0.480523583074,2.03354230392,0.117960950853
14,1,-1.45811518462,-0.163132445098,-0.509271881556
15,1,-1.10187985213,-0.676795871424,0.282811291756
16,6,1.02493395216,1.42451131131,1.29823339313
17,5,-0.124390577434,-0.752341538255,-1.01090564916
18,4,1.08418270249,0.227624394057,0.615704527704
19,0,-3.11735452429,-1.20157557721,-0.607681733066
20,1,-0.0743023086546,-0.375743314216,-1.03414543094
21,2,0.130902637818,-3.12699624387,-1.18555868527
22,5,0.385633171453,0.786840076643,-0.272760352171
23,4,0.849462203358,1.82759915838,1.38605174279
24,5,1.89657771107,0.0860004348651,-0.126060211979
25,3,-1.93029430398,1.95815123314,-2.63591556666
26,2,0.602963979002,-0.396332933256,-0.268106545896
27,4,2.9116647533,-0.903112274496,0.664716778845
28,7,0.463927529334,0.422243061106,2.99848837143
29,6,-0.125370687525,1.56236067521,1.2258975184
30,1,-1.7787516325,-0.455681304161,1.20423232495
31,4,0.0751034090992,0.238338000402,-0.20247265453
32,3,-0.486029367972,-0.649639185704,2.23782080782
33,0,-0.967383830304,-0.64743351393,-1.63756639364
34,3,-0.598503976713,-0.0321591708104,-0.603631036781
35,3,1.22694145875,0.697224017896,0.837481546295
36,4,-0.0289361294739,1.18728266893,-0.827364997266
37,5,1.42334958514,0.21865753891,0.626168202295
38,6,-0.253422854856,-1.43243712285,0.379626702534
39,10,0.824201127713,1.913538002,0.951704617332
40,4,-0.254380797862,-0.347318223824,-2.34889047315
41,1,-3.14099004605,-1.05175730966,-0.733636534801
42,0,-1.85096181359,-1.10484514894,-1.26643995126
43,5,0.284807764367,-0.940054916236,-0.449396528493
44,4,-1.57676942964,-1.22506632189,0.410297862507
45,4,-0.640507615041,0.642245647649,0.843624712524
46,2,-0.624391280511,-0.50020229034,-0.146669624964
47,0,-2.80616653942,-2.71792760591,-3.12700028885
48,7,1.22084738905,0.244015007012,-0.359802962148
49,5,0.701366135705,0.383470508606,0.129418682991
50,0,-2.00032806323,-2.19544720934,-2.50925645622
51,5,2.21416758822,2.50185286258,0.0995879932241
52,3,0.0145107058581,-0.475932788507,0.160425568906
53,3,-1.87953133561,-1.78167455761,0.0249674513907
54,4,-1.62299675274,-0.357257398803,-0.576709766488
55,3,0.757905580457,1.16265930115,0.430776233729
56,4,-1.41002675586,0.501028803771,-1.101147586
57,5,0.291720256564,0.452810949555,1.67879837541
58,4,0.815380145478,0.433611819981,0.547824352336
59,0,-1.88912238773,-1.70589628978,-1.72168532921
60,5,-1.48632272967,0.670381159676,0.734441271515
61,4,1.14103788403,0.753348222004,-2.42590339512
62,4,0.387252314805,0.0908933773772,-0.511880990774
63,2,-0.806087506916,0.30725784735,0.101144790803
64,2,0.484493934463,0.80386934734,0.521266577108
65,3,-0.257700843585,-1.00750482476,-0.777791555894
66,3,0.746572342241,-1.0638561523,-0.138456520339
67,2,1.20948416571,0.935373849908,1.70818384702
68,2,0.204199635157,-0.00421255409696,-1.90606309762
69,4,0.590941379459,0.134497428012,0.055387158893
70,6,0.404670500381,0.693625712062,1.01902679102
71,6,-1.03004537967,2.67929135341,-0.195351009429
72,4,0.196542998354,-0.856762465908,-0.928916085506
73,5,1.57971625084,0.752738064391,-1.75398408763
74,4,-0.0404657672346,-2.08848905371,0.0255855461677
75,3,0.103114230527,0.296364090475,2.15792006578
76,3,-0.111815266339,-1.00615000341,-1.82504294292
77,6,-0.890610459326,0.690475595463,-1.13851259233
78,4,2.31419101169,1.82880270505,-0.390945390521
79,2,-1.59263886936,-2.05637871864,-2.19160045814
80,4,1.47053395126,1.28068551159,3.06925899922
81,4,-0.676414389878,-0.242125001932,-1.65041457898
82,5,-0.759343475136,-0.262152649912,1.90639724025
83,5,-0.454789034153,-1.86012798645,-1.67608919768
84,0,-0.597372883053,-1.39075063467,-3.01802389893
85,5,1.64385627181,-1.41219214558,-1.18515196627
86,0,-1.9118333065,-2.05799882533,-2.52736334458
87,1,0.881744466007,1.49885569014,1.22172947087
88,0,-1.12600770149,-0.901672734684,-0.154553036142
89,7,0.798449867602,1.7698447857,1.04093540017
90,3,0.444582105302,0.513447033772,0.00591361435798
91,8,1.53272668875,0.953386548322,1.79271575409
92,1,-2.14712736945,-0.519500630233,-2.63384132988
93,2,0.372099582329,-1.62690083595,-0.0149688586412
94,7,1.71333511217,1.39357067775,3.24602977214
95,8,0.480962658523,0.0848535821162,0.618218939414
96,1,-1.85820955628,-2.44563770983,-2.02943585896
97,7,-0.569448805187,0.0706571687092,0.203466293706
98,3,0.888123601845,0.203036072981,-1.14684704189
99,4,1.06159442136,2.22704746755,2.0811435762
100,4,-0.855251369983,0.0902212674693,1.20883844794
101,1,-1.56850610165,-0.962859705116,0.380552582384
102,3,1.2645865156,1.95204539054,2.82801347873
103,0,-0.828509525473,-1.57375567282,-1.69756461987
104,0,-2.75825532199,-1.89930284326,-2.22201827066
105,5,0.550810240257,0.51451167896,0.27721814628
106,0,-2.22652004152,-1.86727380689,-2.90045778086
107,3,1.07885467934,-0.472827026974,-1.5173285219
108,12,-0.885353892635,1.50032409876,-0.328974657588
109,9,-0.321869887769,1.01813352079,-0.155099043679
110,5,0.85848164385,0.582884252792,-1.1586367893
111,3,-0.513268381129,-0.617709873541,-0.669102038112
112,4,0.994066903434,1.6548242095,0.979250087657
113,1,-0.597380523598,-1.53363956948,-2.52067728658
114,3,0.86675853002,-1.65933692398,0.792601883389
115,4,1.77956675138,0.119439266322,1.08906155943
116,3,0.0936195864859,-1.63396596084,1.55857580931
117,2,-0.853579290051,-1.55391498678,-0.412757103727
118,1,1.75157815937,1.27894903084,1.31254924007
119,5,0.669815619729,-0.444958192023,1.39078744171
120,0,-0.572998132225,-0.833288964558,-0.638813193897
121,3,1.74852256564,-1.13900018872,-0.37246431962
122,9,-1.92253075218,1.71263568751,1.80515551041
123,3,1.29480727389,-0.214302654205,-0.628701031769
124,0,-0.892235008863,-2.22145571301,-1.41195339418
125,6,0.923141477852,0.341423460283,-0.321636137032
126,0,3.96667070947,2.65313134401,3.25907770693
127,5,2.93407502455,2.46550537847,0.922204391781
128,2,0.317370780004,-0.21589656123,-0.423353666322
129,0,-1.37369845635,-0.728367146972,0.299219334281
130,3,1.21565480914,0.0108563066739,0.733382429763
131,7,0.431898831551,1.79479755663,0.553160334032
132,2,-0.634797709269,-0.783290582964,0.850056066204
133,4,0.457630629763,0.220854591106,2.69112998965
134,0,0.503427773366,-1.87055050518,0.686469957965
135,7,-1.11447299226,-1.4897013778,-1.46352072534
136,6,1.01461012636,0.659616162287,0.228047356503
137,5,0.1707854583,0.597722469442,3.04704236196
138,2,0.0992120286549,-1.26712114638,-1.8038764932
139,4,0.160084195032,1.6383545578,0.0384335400613
140,4,2.11562267533,0.803798209414,-1.26360398458
141,0,-2.52235023851,-1.1477221347,-2.18002562857
142,4,1.05773061986,0.0847032200247,-0.219664659081
143,1,-1.9019935709,-1.63818456557,-0.96192514831
144,3,0.827914892082,0.576586154907,1.0594408469
145,5,1.21384273706,0.77591407114,1.00791172478
146,6,-0.198312093102,-0.819849452209,0.532229845375
147,1,-0.40557688267,-0.00130834984644,0.253914232702
148,1,-2.28838178168,-0.543063564559,-2.57816349103
149,0,-0.0142120844622,-0.876384039572,-0.898358009556
150,5,0.258650877095,0.514670580898,-0.501831128108
151,6,-0.950461938369,-1.33878642537,1.82803150129
152,5,-1.05621293811,0.447813367414,-0.540217790198
153,1,-1.39963490352,-2.02753248834,-0.479875607658
154,5,-0.720118521167,-0.11163978654,-0.948802960981
155,5,-0.0649793235577,-1.37881159715,2.18527073127
156,0,-1.09032571902,-2.33531368689,-2.95628423282
157,1,-1.7774853533,-3.01018440044,-1.71815247126
158,1,-1.8391335103,-2.2911902384,-1.00451672304
159,2,2.32725994947,2.96332239517,0.498880084424
160,1,-1.4625324363,-0.694765090569,-2.7068396915
161,1,-0.765858680239,1.09579352736,1.43345086521
162,4,0.255894397698,0.407889540201,-0.12765024734
163,2,-1.05791363603,-1.56379990612,0.124528952818
164,6,-0.244435474905,-1.57490714533,0.181302541076
165,2,-0.390724498185,-2.50321962313,-0.337225043438
166,0,-0.493475233134,-1.63801739772,-0.981483493239
167,6,3.32364904464,1.33597265644,-0.0453481256658
168,3,2.22496480812,1.11300276058,2.14757156292
169,7,0.593548005745,3.57611166484,3.69358919649
170,4,-0.231627548651,-1.08735762944,-0.587937440801
171,2,-4.03645779772,-1.30250565451,-2.08833475688
172,3,-0.538639796253,0.0274190126868,-0.502373740616
173,5,1.12838706223,2.26876839331,2.35382819019
174,2,-0.836837978553,0.0734276308228,1.2572132844
175,0,0.0637821902616,1.82507407988,2.20892424703
176,1,-1.81471442509,-0.553045569946,0.0107318343757
177,5,0.442089361888,-1.19880918109,-1.55175381011
178,6,0.414798692801,-0.0142925440264,1.13918503695
179,6,1.79561377114,1.81265344075,0.558445580902
180,2,-0.324748084751,-1.88411988658,-1.71357017147
181,1,0.7357599559,1.05265343508,1.48016479023
182,3,-1.08035401443,-1.06328158518,0.789645746916
183,2,-1.32674411272,-0.362765992766,-0.305470620232
184,4,1.108513907,2.45610564576,1.50201468178
185,4,-0.280136713899,-0.635316104001,1.29942419901
186,3,1.32391994612,-1.81009068085,-2.69863163406
187,7,-0.547035853148,0.67329048918,-0.259660544291
188,4,2.28592752397,0.0239945823889,-1.75131589388
189,0,-1.52176593159,-3.31930929125,-1.43682617836
190,5,1.17597926786,-0.0650664560349,-0.556728265199
191,6,-0.828055232548,1.35263195938,0.86828918931
192,2,1.69708790802,0.398385397055,1.37932949557
193,2,1.43411051865,1.32115389911,1.25651218976
194,1,-1.90456033967,-1.55594149889,-0.460358844072
195,5,1.12243628057,-2.5871277423,1.66657563178
196,7,0.233288583143,2.67293847236,2.68170829583
197,4,-0.90736986692,0.863836227708,0.234029641751
198,1,0.302654684325,-0.26335351503,1.27942418022
199,4,-1.88829701019,1.33817780906,1.49438220703
200,2,-0.341663359849,-0.149965293999,-1.25609347154
201,2,-0.190598253302,-0.665292029458,1.56554360641
202,6,-0.742541478348,0.161890564414,2.41660563791
203,2,0.79057906309,0.0518801663495,-1.29018992149
204,11,0.0113247424525,0.343046498943,0.718143799808
205,2,-0.748964823428,1.21952851892,0.303314323686
206,1,0.667615466298,-0.730050435498,0.0512683513741
207,1,-1.11803418849,-0.627431955629,-0.0758369440508
208,4,0.04462106818,1.09434906249,-0.715577215997
209,2,-2.35637698348,-0.255722423797,-0.579264107564
210,5,0.563722285885,-0.06524236937,-0.83125749952
211,4,-1.11089744365,2.19631755508,1.26811614147
212,4,0.338240520738,0.921164769082,0.915353753355
213,6,-1.09406733177,0.434854507069,1.05681487824
214,8,0.581698935114,0.543128364371,0.38027471726
215,2,-0.205859284203,-0.167710359727,0.133430822788
216,1,1.11003863136,-0.25015663721,-1.467544415
217,5,3.27319264846,1.95468290864,0.557397653508
218,0,-3.6270743114,-2.56526673155,-1.71641270362
219,2,-0.334728737193,-2.72297761633,0.152563606977
220,2,-0.612154189039,-1.8625085547,0.118940184289
221,0,-1.33097957783,-2.86583065571,-3.61460515164
222,3,-0.377917198662,-0.848716260178,-0.283929129588
223,5,1.32783053929,1.31009985224,-0.22295894527
224,2,-0.120944378887,0.180480814758,-1.80942123392
225,5,0.250836102795,1.26097793107,0.878876665058
226,6,1.17746359639,2.02469845409,0.627324260352
227,4,0.317126203675,-0.776554336803,-0.41843957205
228,2,0.390451404285,-2.99679132527,0.120030890988
229,5,0.878691427536,-0.041427230506,0.662144340086
230,0,-1.44967782801,-1.8587046394,-2.44608425287
231,3,0.886886436277,-0.238630285338,0.966447385054
232,6,-0.556015764481,-0.973721648632,-1.03470377755
233,4,-1.41871107875,0.496514439924,-1.17255245358
234,0,-0.0785790385682,0.742616772838,0.347100324621
235,5,1.12268773677,-0.646543482045,-0.0922884186606
236,6,0.122289037636,0.845796933902,-1.16870913784
237,1,-1.63475627602,-3.25419603014,-0.366528592529
238,14,1.31045228686,1.30377971022,-1.12027764876
239,6,1.31624526325,1.18778781797,-0.914792009743
240,5,0.0568380441658,-0.335859057571,-0.273986331345
241,8,1.606072018,1.29382895834,1.1397897752
242,8,1.27363776662,-0.620917640337,1.4470636491
243,3,0.670409760883,-0.933502973616,0.271021577175
244,4,-0.576767273045,0.947015646148,-2.06781487975
245,1,-2.75611847526,-2.22918535405,-1.83703053704
246,6,2.24631163129,1.74212965244,-0.154863255562
247,4,-0.00398400431322,0.146946679246,-0.767786913684
248,1,-0.698388789677,-1.11154689736,-1.50892319484
249,0,-1.96758067698,-1.12282022139,-0.570979264552
250,0,-1.53379226919,-2.55662533662,0.434442691706
251,2,1.06912315962,-0.436491754012,0.564154707143
252,1,1.265570229,0.503298882297,-1.30877502972
253,5,0.490461350073,-0.829281104864,-0.873782375359
254,2,0.0637979764741,-0.0872173788428,0.223262551368
255,5,-0.0924092640359,1.70427289356,0.845354119098
256,0,-1.58162071523,-1.11036290169,1.8673007021
257,0,0.209029949569,-0.295032709804,-0.183141276385
258,2,0.314292401023,-0.331313904848,-0.788987287443
259,5,1.44650400562,0.782163222151,-0.151681568349
260,8,0.169566701086,0.228442656163,0.924827961092
261,4,-0.272840360012,-1.33558784857,-0.810188010437
262,0,-1.18696940273,-0.673759599684,-1.468350827
263,4,1.11264922038,0.472857154614,-0.127453778887
264,1,-1.07915254946,-5.02753578355,-2.65625465441
265,1,-1.32609543813,-2.26966150644,-1.24154881953
266,5,0.250391975949,-0.285309985876,0.220936924501
267,7,1.40160682517,1.23798326925,2.17994760042
268,2,-2.41195580609,-1.22575691338,0.850547228797
269,3,-0.808664796402,0.275286880308,-0.137594029534
270,1,-1.0068325462,-1.15043138108,-0.684763603637
271,8,2.10714242095,0.976428257879,0.0824304966289
272,4,1.20858608322,-0.388825605529,1.08014731423
273,2,0.239227658315,2.26760357937,-0.188045103969
274,2,0.63812883597,-1.40653504479,-0.856693782834
275,2,0.219352251944,-0.385358730202,0.380571301055
276,2,0.699485788633,2.44458712285,1.13875119102
277,1,-0.396335189456,-3.82902509896,-0.239731419115
278,1,-1.26025185064,0.0550811635372,-0.288016662309
279,3,0.0547417004803,-1.59228596001,-0.775294400523
280,1,0.362153876868,-0.739926875828,-2.5580726358
281,6,2.12568593782,-1.83410900339,-0.686462158001
282,2,0.830084686616,1.18624765996,0.184107658424
283,1,0.636498996174,-1.66361295703,-1.35010038314
284,3,2.49708598357,2.04551002201,1.30084785035
285,0,-2.65177093033,-3.1147053123,-0.944284278444
286,1,-0.0354446925824,-0.470117386726,1.62675241813
287,3,0.835129548583,-1.15914245613,0.865314801995
288,5,-2.56332622212,0.946111191012,0.0771821737302
289,5,0.0653323030415,-1.88337063114,-0.156867349712
290,1,-2.50174188719,0.009623568643,-0.608600570961
291,3,1.45884136648,2.2144447687,1.52164071448
292,3,-0.881568976914,0.115462000046,-1.12741724332
293,5,0.925680103326,1.38691832131,-0.234545802185
294,7,0.658041181348,-1.06312091688,-2.84974758027
295,5,-0.0205670186493,1.04257907952,1.27878371277
296,0,-3.04110597984,-1.50918701188,-3.77870933545
297,3,-0.987541575904,-0.596131755316,-0.221295161067
298,4,1.02165918763,-0.424886865386,-0.859018022634
299,5,0.0333509443423,-0.307247431332,0.787933035963
300,0,-2.00942940926,-1.95298424979,-2.21245146761
301,1,0.896064278016,0.783521211509,-0.918186934832
302,6,0.108632384827,1.47990663824,-1.67690264903
303,4,0.433198167911,0.28074601626,-1.99575609964
304,0,-2.11183635629,-3.56745758474,-2.16382706143
305,5,0.317338418015,0.386302156041,-0.920512238355
306,1,0.129683848863,-1.3301849001,-3.15962590367
307,5,1.85281526715,1.36498825252,1.70152896268
308,6,3.45462004255,1.3060638092,1.22876215642
309,0,-3.01738533619,-2.67571553472,-2.01314908082
310,1,-2.15849442006,-3.1925666598,-3.27144805218
311,1,-0.25883667723,1.03685721021,0.61726024032
312,3,1.63678691596,3.02477591474,1.44952978589
313,3,-0.486940627095,-0.368212358281,1.51071362177
314,2,0.724863206703,0.675156275952,-1.58598366128
315,6,0.848327237867,-0.767719471564,1.06637108037
316,1,-0.906509620039,-1.75354858745,-3.40601046189
317,2,-3.13606898937,0.678573005784,-1.33585138554
318,1,-0.931514090357,-0.582536692611,-0.995727143655
319,11,0.398164835979,1.46553900058,3.05230331343
320,4,-0.935756616566,0.320594304912,-1.71681905525
321,0,-1.3884806321,-3.98131537527,-3.23405505772
322,6,1.58286533265,-0.819571207292,1.51781698621
323,2,0.519332560909,0.32181942474,0.358265886528
324,0,-2.20544459321,-1.63224157046,0.110246651329
325,2,-1.13523736202,0.99551934284,-0.854885480684
326,3,1.25605228886,0.773578746257,-0.0626507891606
327,3,0.059828691885,-1.68757950044,-0.163503999965
328,4,0.893877793818,0.741885357853,-0.758624994198
329,1,-2.07997089237,-1.58840751825,0.42501081175
330,4,0.227003126748,0.932975718117,1.58032058105
331,2,-1.11203164034,0.465666791514,-1.35661027111
332,4,0.806969616805,2.12333386228,-0.121591946345
333,4,1.01199401466,1.28323845907,-0.0734662183324
334,2,2.06292560908,0.0891976736333,0.921366250641
335,4,0.0403609461293,0.691254481815,-0.278990142195
336,8,0.815612051589,0.977887112842,0.386988611534
337,1,0.448022119137,-0.330257622501,0.444728209262
338,4,-0.0423272064977,-0.991353998998,-1.12256059027
339,4,0.772168288951,3.29084487381,1.76262854034
340,1,-0.922531374778,0.809813479994,-2.21089883359
341,4,-2.63802046257,-0.996985566076,-0.417872521572
342,3,0.377443988437,0.943372833345,0.307719491275
343,3,1.35843963575,2.45864074239,1.58264366192
344,5,1.87518568002,0.0601599926811,1.6577896399
345,8,-0.176421025551,-0.821188896524,-0.927101635436
346,6,0.193330495937,0.122097693655,1.17074034429
347,2,1.14189905682,2.18300819856,2.52087809377
348,5,-3.19523848443,0.233732798497,-0.883140433903
349,1,-1.04156275966,-0.547149700608,-0.461400930389
350,5,-0.324093577294,-0.104042274156,1.42619014627
351,7,2.71397078981,0.251859972539,0.796756113166
352,4,1.39031489759,1.39179990108,-0.552100972891
353,5,2.89945842211,2.05122234347,0.862550062737
354,3,1.60195294443,2.27300942416,1.77259833991
355,6,-0.463783281249,-0.624265412709,0.418049513328
356,3,0.809771579851,-0.177088437352,-1.0421963568
357,3,-0.0505566267355,-1.36416700138,-0.00262984742475
358,6,0.17899974064,0.782383804648,-0.357998474936
359,1,-0.544049519837,0.212406283133,-3.32781828154
360,3,-0.576681404631,-0.377791633954,-0.53600362343
361,1,-2.48393452461,-2.63849428802,0.898202398758
362,1,0.651920215893,0.247064581099,-0.863309887261
363,10,1.89379562872,0.953542997773,1.62667454158
364,5,-1.20343394059,1.20092759258,-0.723442695705
365,0,0.28306108458,-0.737249092222,-2.07941285512
366,2,1.12348685595,1.44754108325,1.76584518324
367,1,-1.9574199101,-0.118768083036,0.670802487965
368,6,0.20122231525,0.385197986869,1.23402094436
369,2,-0.688329264403,-0.318026315621,-0.160413922736
370,13,0.610343518552,0.609200211276,-1.46870796173
371,1,-0.915469595669,-0.645277609875,-0.551068378352
372,7,0.287005889403,1.95673767843,-0.483001788941
373,9,-0.221260449572,0.736765542116,0.8620849155
374,6,2.48209214688,0.893955202013,-0.483140527662
375,3,0.083703509984,0.477888122189,-1.92879526634
376,2,0.0892191982726,2.45065013126,0.938987712366
377,4,-2.43661833041,-0.456383237607,0.142305291306
378,1,-0.490994510761,-0.942531958412,-0.392886272286
379,5,0.713753421305,2.33200598313,-0.891907813281
380,0,-2.62749411819,0.101573514352,-0.238392392794
381,5,2.26013993695,0.0394806476655,1.24846626973
382,0,-0.321642156932,0.23057097068,-2.5227834774
383,1,-2.6768913138,-2.38710439187,-1.62989112484
384,0,-0.116447183778,-2.37329486264,-2.61295833011
385,6,-0.138126318308,-0.177299487703,-0.997252041178
386,4,0.0975049266146,-1.34970796815,-0.505214773055
387,3,-0.990628048048,0.484157748025,-0.550307085419
388,6,-1.32585052931,0.0740624454419,1.52619505734
389,3,-0.565986755983,0.619705194085,1.10866169152
390,2,0.312026643638,0.273929872576,0.002516982081
391,2,1.90230922423,2.87686667816,2.49822499667
392,11,1.69200736501,-0.524943697763,-0.84854916979
393,2,-1.4310096059,-0.280281588658,-1.61167596464
394,4,-0.103324470754,-1.30178466661,-0.0141198282866
395,7,0.760296178968,0.539243119603,1.13119195456
396,7,1.07591328905,0.850258167816,0.435019991423
397,1,0.849811497145,0.629545686318,0.213656040474
398,7,-1.44903478778,0.453508022695,-0.672188724604
399,7,1.30075059677,1.60073630953,0.636817854627
400,0,-1.76109490938,-0.940993020269,-2.59159417262
401,1,-2.41708717692,1.87993744617,-0.510778980406
402,3,-1.20697300996,-0.932242520342,0.269350028981
403,5,0.733035942004,0.559600157453,0.814156463925
404,6,0.245602761806,-0.814580486499,0.796825951754
405,4,0.363188941705,0.360506831514,0.623362170082
406,5,1.3438672424,3.2252174748,2.9079482761
407,5,1.39114658736,0.101750306673,0.264783557724
408,2,1.31705226229,0.370710607619,0.797481792798
409,2,-1.41728579752,-1.30553649014,-0.0101545703906
410,4,0.396085838821,-0.804303654826,-0.605903376887
411,10,0.822150828104,-0.715118337792,2.56066495919
412,0,-2.29126829523,-3.67500485634,-2.28825161052
413,6,1.70368637776,-0.465177647193,-0.351599351728
414,2,0.198152510949,1.37502827926,0.366065330929
415,7,-0.784198033038,1.00495425647,-0.743240968178
416,6,1.02043296215,2.42777810807,1.89026614039
417,5,0.551230681366,0.590074412957,-2.34024755236
418,7,3.50701480136,-0.64851866173,0.548981588387
419,1,-1.87365270217,-1.90486674757,-0.601398865678
420,0,-0.706311942232,0.787180559653,0.711612006279
421,3,-0.719488036856,0.142678261976,0.0185605596564
422,13,-0.83980703564,0.103451959904,0.514820904517
423,2,-0.239922925255,0.572465471174,-0.0776244941008
424,10,0.607826130297,2.24722815404,0.88504558307
425,7,-0.276151252195,0.517135063082,-0.189636952498
426,4,2.31147312156,0.156790651333,1.73907201233
427,4,0.65045913292,-1.07002014163,-0.545184702464
428,7,1.23250855367,1.48473637475,0.824105132509
429,1,-0.109370838748,-0.342608491045,-0.88514409371
430,1,-2.33128734926,-0.699896432686,1.01894993874
431,2,-0.361093998428,-0.0493630664208,0.116714948857
432,3,1.77339431023,1.1516257736,2.52282314665
433,4,0.413373323582,-0.876453699587,0.023161720747
434,4,-0.358908589099,-0.32818312344,-1.34882433755
435,2,-0.69685912547,2.41243870228,1.46207700493
436,3,-1.49341843704,-0.141042689316,-0.3171290473
437,1,-0.248017267013,-1.75836731566,-0.172223665692
438,5,2.27968900388,0.289218684354,2.12286859275
439,4,2.07740543224,0.242252078834,1.54510219536
440,5,0.409269750644,-0.0713036565828,0.335759902199
441,0,-3.88262539035,-4.86243183208,-3.56621659581
442,4,-0.2775070472,0.305715395934,0.62215968708
443,4,-0.137625777565,2.30955403654,0.463853210471
444,13,1.16811331526,1.37667165352,1.42959857304
445,0,-1.69871916666,-2.21450425228,-0.663759053369
446,1,0.946515716431,0.395482441545,1.26927061291
447,6,-0.859194326474,-1.27856255883,0.171510699747
448,2,-0.9891635112,-0.343612886757,-1.11661610579
449,0,-1.78177363005,-2.34271969522,-2.67530926463
450,6,-1.30919465608,-0.430238271692,-0.83522435121
451,2,-0.741419526679,-1.49856828554,1.11886214007
452,3,-0.111569826854,0.522523340764,-0.891225606752
453,8,1.99199060125,0.380524463006,1.83336069948
454,5,-0.0186413742367,0.529126091488,0.626415270486
455,2,-2.51834448328,-0.515104805253,-1.53083051806
456,7,0.742771490966,-0.188515900236,0.223127867888
457,7,1.12871429967,1.15276962184,1.85628273417
458,2,-0.930877729346,-0.755141318007,-1.15063877649
459,4,-1.3680263687,-1.27057402542,1.29363074201
460,5,-0.0496024277389,-0.784334523223,-2.26033273896
461,0,-0.6632885494,-0.420819356576,-0.0743124106117
462,11,1.9080022175,2.72047142731,2.25903827693
463,1,0.475386211858,-0.854457436182,-0.591235570019
464,2,-2.32189377618,-3.55904107607,-2.9509172556
465,2,3.48650666418,0.408134774171,1.39958503322
466,3,1.92253210726,1.38624934553,0.699237559426
467,4,2.26612221812,1.23452831468,2.69636462296
468,1,-3.2708297878,-1.07375342375,-1.76949826987
469,2,-0.10452571053,-0.759074411748,-0.306013804325
470,1,-1.97121580908,-3.15841536855,-1.25387562791
471,7,1.1301517321,2.02040236956,1.58803915871
472,10,2.31599336269,0.33272667499,3.0894067843
473,1,-0.927321769912,0.360622113963,-0.627295389049
474,5,1.18462126163,1.00333893926,2.75196104762
475,0,-2.36722615175,-3.18173598856,-2.12741952759
476,6,1.87809615945,-1.26594100268,1.22715810508
477,0,-2.29735782782,-1.3929800832,-1.96156317894
478,4,0.435173196216,0.79872988112,-0.667803583629
479,4,1.85467660932,1.08527823671,1.73397651278
480,0,-2.60884226367,-5.05930568172,-0.69678722421
481,3,-1.87540461166,0.447286234669,-1.01708412293
482,0,-2.04552210266,-1.30763821589,-1.39828279108
483,9,1.40107371567,2.07348440072,1.33874268862
484,7,1.70641577914,0.176691730891,3.59296834904
485,5,-1.31908818075,-1.00598371413,-2.26791572066
486,4,0.101084901266,1.57961429511,0.530163437048
487,5,-0.331939273346,1.31811715514,-0.802119429613
488,2,-0.551546578656,0.285018585307,-1.66840050712
489,3,-0.0755018604247,1.50563240239,-1.63739499516
490,6,0.633907760994,-0.454856361401,0.506314357752
491,4,-1.39187816434,0.994394972458,2.00487444371
492,5,3.11824875154,0.561219546712,-0.189299856419
493,7,2.13052459217,2.10736571886,1.99144604528
494,1,-0.2837659693,-2.44014515343,-0.94392661105
495,3,-0.099236514393,0.486738887915,-0.232903263313
496,5,3.52447192728,2.18113059693,1.76157684417
497,1,0.562359748464,0.950898788818,0.831102622777
498,2,-2.27773322487,-2.18255906039,-2.95929193134
499,3,-2.15869884596,-0.020270031589,-0.796011156127
500,7,0.683424426184,-0.270615871899,0.00676846879767
501,5,-1.12190716764,0.832699865812,0.68245888296
502,3,-0.331419810094,0.958526401293,1.78856584627
503,0,-0.526896229744,-0.191486249406,-0.444063543636
504,2,-0.446297726472,-1.33902108242,-1.13202969783
505,1,0.795764316413,0.886672229244,1.3323608203
506,1,0.986093243435,1.33899593067,0.747275115605
507,3,1.43238077325,-0.02408511394,0.671723061614
508,1,-0.363352996631,0.972838872872,-1.15071288315
509,2,-1.53658236434,0.177220493546,1.11587564174
510,6,0.357788355906,-2.83278426972,2.39343070945
511,4,-0.576578977107,-1.09474911863,-0.768047884243
512,0,-3.75331841685,-1.62481520927,-0.980834702649
513,7,0.898429928321,2.12953088808,0.811775445621
514,7,1.40846250795,-0.726679120738,2.00748123897
515,9,-0.144007281547,-1.03466956718,1.48654396458
516,5,0.977350502565,1.27383706693,1.63126157881
517,5,-0.00940244033161,-0.385398997958,0.784605057316
518,2,-0.712916375961,-0.387334509031,0.471710932934
519,1,-1.05020561014,0.96668514916,-0.819819386703
520,3,-0.838661150074,-1.83679360134,-0.0285496419646
521,3,2.94842309622,0.714287248527,1.67207905642
522,4,0.201049909647,1.3907197889,3.42343859407
523,6,-1.1978359076,-0.376086452292,-0.315856213016
524,0,-2.20422792668,-0.680420416078,-2.23474965077
525,4,-2.09970998426,1.66120625398,-0.977810148408
526,9,-1.06254764186,0.639594636556,-1.66259342324
527,1,-1.79299588287,-1.40822423579,-0.403694103633
528,0,-1.07384167167,0.079167402315,0.355546517334
529,6,-0.134661446475,0.532584029426,-0.628362426765
530,1,-0.76763679905,-0.19855036542,-0.479986205067
531,3,1.30443646712,0.952421134988,1.20052879744
532,0,-0.888976416056,-2.94695937411,-1.32772171674
533,4,-0.692947801628,-0.341904792949,-1.58525343252
534,1,-1.20807497606,-2.58507586244,-1.73320736778
535,8,-1.91428576003,0.126194169727,0.824705452823
536,4,0.0381404256406,0.838613115042,-1.74980711153
537,2,-2.00424783554,-1.29997966839,1.66334581231
538,7,1.12223273122,-1.60664816011,-0.122126556178
539,1,0.279820318443,-1.29992307935,0.429439946672
540,7,1.43226268132,-0.176861923693,0.0248100025572
541,0,-1.01300937318,-1.70822774821,-1.16852029073
542,3,-0.135825168505,0.813229552767,0.10741154202
543,10,1.21386336428,-0.0263413727448,0.709366145037
544,3,-1.48205529018,-0.386803173274,2.31842449975
545,3,-0.626546804991,1.04181983954,0.810117849272
546,5,0.444628552077,-0.584517461587,-0.112759218612
547,5,-0.0109226338052,0.190006492755,-1.42946353015
548,2,2.22281315724,2.43623781893,1.49886329544
549,6,0.356051361483,0.616820103303,-0.34547573226
550,0,-1.50726667565,-4.64312504604,-1.90794407827
551,7,1.84155629986,1.58898255583,2.30100420822
552,4,1.43135932427,1.21028554823,0.366364609939
553,0,-1.34766125293,-0.297651027046,-0.53905924546
554,4,2.40158321159,0.56334034765,-0.341733788151
555,5,-1.16795513163,1.55706871606,1.43681786899
556,4,1.86650177595,3.22541371844,1.33367192915
557,6,0.498353783723,0.431377320534,-0.798603268773
558,2,-0.0215800242009,0.728261336553,-0.306923307679
559,3,0.818145744652,1.30002823713,0.566523862265
560,7,-1.1956404896,0.169089781123,0.722462687442
561,10,0.729980573455,0.430329101945,0.410044874411
562,4,0.241268390284,-1.46420531284,-1.39077748616
563,0,-1.08140231052,-1.47461256058,0.000385816257763
564,0,-2.19891133321,-1.77955996709,-1.19880701431
565,6,0.1593447806,0.420764548494,1.16964103918
566,1,-1.5792495554,-1.52847322565,-1.71630618105
567,10,0.0559145213365,1.15029846555,-0.180242439157
568,0,-1.32563853575,-1.54902109465,0.117240037821
569,10,-0.690689791936,0.401364285783,1.29347962172
570,4,0.576345639734,1.43472039594,1.60886380576
571,6,-0.238422248644,0.595918958057,-0.570383600601
572,6,0.696923070286,-0.448551097889,-1.21744051018
573,0,-0.642902836017,-0.930654329907,-3.32374131284
574,5,-0.245820272162,-1.73869505859,-1.98264234684
575,2,-1.89965046891,-1.21834971291,0.469602486158
576,4,0.821678118094,1.7003067505,-0.662566383016
577,6,-1.11916047065,0.0368789037335,-1.0727970308
578,9,2.28588078491,1.35411120131,1.0013362324
579,0,-2.03122762889,-1.60481650756,-1.80174800949
580,1,-0.885565022711,-0.692146135248,-1.2788921188
581,2,-2.10729343975,0.0609081258477,-3.1602990536
582,3,0.630183167916,1.16987234653,1.61100223781
583,5,1.30760590414,1.14211395555,1.01411997438
584,1,-0.106509029573,0.428075258222,-1.29725988616
585,1,0.675000291993,3.23861028065,2.82711596723
586,9,1.11910376681,1.49467002925,-0.629284987038
587,6,2.7682183516,1.02328559015,1.86053941791
588,2,-1.78711710135,-1.7767219559,0.150772838412
589,7,1.33746295498,0.695538952345,1.73043125725
590,6,1.6178779095,1.60566922375,0.784044252483
591,6,2.06807824388,2.38350141855,1.40038260824
592,7,-0.392270415121,-0.91164785079,-0.156989787317
593,9,0.170244191628,-1.26373086568,0.188772642705
594,5,0.0245265897444,0.0142544354267,-0.19630619359
595,3,-1.13112824369,-0.433915682508,-0.606660744299
596,0,-0.694429717681,-1.16964447507,-1.88800704091
597,1,-0.809542467611,-0.357322166762,1.04941400696
598,2,1.76999010223,-1.1370409886,1.02062511306
599,4,-0.0884485501058,-0.110637785125,-0.920768054605
600,8,1.31336062984,0.906758022815,1.6686572296
601,3,-1.01685097049,-0.954568498224,0.266932518721
602,5,3.16603119332,3.70669467466,1.3518236822
603,5,0.229846189798,-0.844968323841,1.30123471583
604,2,2.70618494943,1.28005190454,2.12557437814
605,5,0.0957708503802,0.865570542198,0.0320185854949
606,1,-1.29812660938,0.626305696172,-1.51774451452
607,0,-1.60183229613,-2.43017693017,-0.439527418582
608,6,-0.0332718911657,0.0213406037392,-0.48334068556
609,8,0.960447041608,0.633791872339,1.18142943472
610,8,1.8400373131,0.600909939531,3.29698193133
611,5,0.0985774279981,2.0433873462,-0.838742811863
612,2,-0.414804195527,-0.471890382092,-3.3084888715
613,4,-1.50074178173,1.3951929638,1.51962558661
614,4,0.0831120986057,0.28421663393,0.548933472178
615,0,0.230547345968,-1.42226162833,-1.60508160258
616,3,-0.6511999338,0.991350142582,1.08835614236
617,0,-3.6386815341,-1.01419147928,-3.00407377771
618,5,0.0599423263723,3.45683965446,-0.137275573575
619,9,2.33738631779,3.06452104211,1.50741012101
620,0,-0.932008610356,-1.51589175617,-1.07743778004
621,3,-1.67436151752,-1.01847765894,-0.12467594048
622,5,0.651714856749,1.90740227366,0.386923989841
623,0,-2.28202483108,-4.31646688304,-4.31913876092
624,6,0.825884410545,-0.238623847739,1.0917989766
625,0,-0.154894119992,1.43083554968,1.6845881693
626,3,1.11107460571,-1.60831721277,-0.624920726139
627,3,-1.13937946203,-0.715675100966,-1.29485071604
628,8,-1.13680894441,0.791203427721,0.796432334207
629,2,-0.903747801353,-0.171366825312,-2.16464905272
630,2,-1.86306107537,-0.116344655107,-0.0642664444929
631,2,0.611424469395,-1.22733344774,0.628065495289
632,7,0.148823666927,0.599170607077,1.6375589964
633,1,-0.0180075881677,-1.81296900592,-0.610430582367
634,4,-0.281440615749,0.367851340399,0.718357309496
635,0,3.32195904292,0.913154291308,1.48599857373
636,7,-0.466076611977,1.52450043419,-0.251903347089
637,1,-0.748411110967,-0.910806328551,-2.25890782942
638,5,1.54315646816,0.927514670191,1.11597092862
639,5,0.864171173199,0.13973140137,-0.0492138490486
640,3,2.59436623589,3.76822777526,3.07462851132
641,11,0.509719205929,0.180630763177,0.678625803967
642,4,-0.738220699739,-2.13694859436,-0.220491299998
643,4,0.0273189288882,-1.33061236834,1.25776691879
644,2,-1.50966041421,-1.91466021576,-0.0998938077538
645,4,-0.730026169007,1.31085279055,-0.264890076605
646,2,-0.515804796394,-0.489222784191,-1.9458958163
647,3,-1.0763951821,0.261159615219,0.896006825037
648,1,-1.30315055859,1.1702417405,-2.35162266729
649,3,2.24490419423,1.11569721044,0.626953538734
650,3,0.705607814355,0.556537548277,-0.83014984545
651,0,-2.83626556811,-2.17356839041,-3.13064737361
652,2,0.0866953797232,0.71633890634,-0.124609205715
653,2,-2.75367857634,-1.26019998461,0.678954251039
654,2,1.38182179173,-0.15978610888,0.876833923297
655,3,-2.12641315617,-2.18242135392,-0.0221140838136
656,1,-0.853111492561,-0.0716208596686,-0.0462265286706
657,10,1.3057847448,1.08124708297,1.07959132079
658,3,1.48689956837,2.93968396838,0.762782917452
659,8,0.496139560997,1.81872442089,1.40433588143
660,5,-0.863551572507,-2.62898911573,-1.05453149892
661,5,-0.249904241338,0.0185543119706,1.07544615532
662,0,0.0889044572215,1.19096319203,-0.888863970569
663,3,2.63565322073,0.272309854976,1.86651046012
664,5,2.61998856481,0.438402853155,1.10093892305
665,4,0.935919669483,-0.068941958925,1.579290258
666,2,1.17106823348,0.878647322125,0.232648024734
667,4,0.461083180279,0.0362417142262,0.658801983983
668,1,-1.88043251229,-1.75297683879,0.164951239467
669,0,1.03076166789,-1.08500646519,0.237959009837
670,1,-0.953027370351,-1.08061488159,0.829353531757
671,8,0.30429981599,-0.0146478869695,-0.921903139099
672,1,-0.868917242209,-0.39125765876,-1.64605465395
673,4,1.47600366302,2.25805079745,-0.270294898544
674,3,0.50433169123,-0.107895387925,0.465167623846
675,3,1.27372151093,1.32176349087,2.6762198601
676,5,1.77743228192,1.19506035597,-0.717961735145
677,3,-1.64346216034,3.00038530064,0.024082634716
678,2,-1.74546123967,-1.46874279652,-2.65397392612
679,0,-3.32844697717,-1.70965033004,-1.12134580025
680,4,-2.52239222435,-0.266069429383,0.339509332173
681,3,-0.390342759335,0.0442430160481,-0.254647887035
682,4,0.125733976952,-2.47767857791,-0.909280149649
683,0,0.0348955622095,-0.162613477366,-2.74723941431
684,2,-0.267888278405,-1.64109145795,-1.04589928191
685,3,0.267837059301,0.16545005049,-1.7389048839
686,4,-1.16447985117,-1.75480228885,-0.948310887307
687,3,-0.635529359334,-1.83728833717,-0.170309628724
688,8,1.74312820718,0.575778888477,1.70147303769
689,8,1.58998927959,2.69488542267,2.08075879126
690,2,-3.08863060686,-0.628263851505,-1.60130718325
691,8,0.533697424849,3.23457934502,1.43939907053
692,8,1.36220469217,1.20953300587,1.84253540273
693,3,-0.0539611020429,-1.60340783882,1.19594214062
694,7,1.8968685391,-0.0905636127853,1.47459790176
695,1,-0.235660141379,-2.02791715727,-2.09321720103
696,2,1.46717630107,0.0727241612305,0.61715846139
697,5,2.75426950102,-0.273192906698,0.738606512979
698,1,1.84458755308,5.01544531476,1.28346526182
699,4,-0.04171661546,0.9244559996,-0.543321299963
700,11,0.900507041125,0.162505506246,-0.451663698028
701,1,-0.616194130316,-2.58570550312,-0.868213426315
702,2,3.35407044422,3.48362699465,2.45750335959
703,10,-1.61505037937,0.536028054451,1.86221035013
704,6,-0.460980526182,-1.26272577467,-0.597104720718
705,2,-0.377969637446,0.310853966848,-0.176850378852
706,5,-0.244903596197,1.8910538421,2.47628140163
707,4,-0.402117802653,-0.911989547841,1.96307152444
708,2,-0.607116868346,-0.0908424819848,0.376615923549
709,1,1.33124535028,2.55155282809,4.03075703658
710,3,-0.53874180148,-0.580047167967,-1.11129858711
711,0,-1.94778312894,-2.36190096798,-1.89786864245
712,6,0.712689231578,0.256679429805,2.15603828783
713,6,0.988187558205,1.45815051186,-0.517468897451
714,5,-0.624972724018,-0.287461893232,-0.0645379259771
715,3,2.59489955388,2.75887459165,0.657203373405
716,6,-1.11061924359,1.75878707756,-0.33085838429
717,6,-0.997927207305,0.895560296004,-1.15874988057
718,8,-0.399162796744,0.984107112519,-0.35111181721
719,2,-1.29398514247,-1.11581366203,-2.34545723131
720,7,-0.662007744792,-0.859908339484,0.152208711975
721,1,-1.3113427035,-1.45315028156,-1.1036548693
722,5,0.234547279107,0.474711927271,-0.318408033401
723,3,0.319514690183,1.16749025848,2.40216874741
724,2,1.26172241396,2.16499962678,2.58260103127
725,1,-0.621076345876,-1.22445050083,-0.905918589431
726,6,0.809499609921,1.60852744143,1.64504145486
727,6,1.19071242228,0.856617909918,0.654717007978
728,6,0.0413934648537,1.18569715729,0.802826262946
729,0,-1.83106040036,-0.0910698882178,0.516268217125
730,5,-0.121664812906,2.05664234674,1.43807026205
731,2,0.69272126226,-0.136704408511,-0.280451013036
732,1,-0.968446564654,-0.277991339654,-1.10481255271
733,1,-0.978810411615,0.648362263525,-0.205855981406
734,1,0.271531341586,-0.380687305049,0.117111906477
735,4,0.882108086968,2.02387473937,-0.160576805307
736,0,-2.60309844651,-3.72423022075,-3.81341243738
737,3,0.618277400729,0.388434259644,-0.377354921711
738,4,1.85224200619,-0.0223049845916,2.43006581183
739,2,-1.24351290024,0.910140796305,-2.37937685456
740,10,0.465093332984,1.58409912408,-0.685192225583
741,1,-2.30546784598,-2.56186916141,-0.706407462084
742,10,0.49815906012,-1.15787107669,0.0998163741552
743,3,1.47514107571,0.608090098338,1.67803427453
744,2,-1.85061263761,-0.185790290365,0.675464474265
745,0,-1.98856342068,-0.911203158245,-0.981242545366
746,12,0.466720986839,0.612289414982,2.01303804907
747,4,-0.837517672834,-1.88250143282,-1.24527748117
748,7,0.465077345203,-0.801385971242,0.0407654308828
749,4,0.35144723115,0.393489825792,-0.896892976023
750,5,-0.0323511859134,2.73768464116,-0.159580530381
751,4,-1.87107655063,0.274262134403,0.526211214976
752,1,0.265547689435,0.744195148483,-3.62421244192
753,4,1.64364058969,-0.540970596156,1.20701014404
754,3,0.187285083597,2.78492652338,-0.663144375299
755,3,1.48482469383,2.09552415006,3.41378121008
756,1,1.32564783899,0.606975500307,1.17607528166
757,4,0.445206416914,0.554614842709,0.123010113402
758,3,1.07190388345,1.52181691792,4.30087893405
759,2,0.659803648682,0.456812946897,-0.373674562211
760,1,0.217358582383,0.107229726023,0.874129718905
761,4,0.640713584705,0.0871262385728,0.687787670441
762,5,0.745208825161,-0.00376065491119,-0.825262186855
763,4,0.388648396427,1.50917451015,-0.108140943348
764,1,-3.16914963353,-0.904097939638,-2.18513329157
765,3,-1.3907397144,-0.144260207797,-1.79409813058
766,0,-0.96392127967,-0.844045538117,-1.42175551217
767,5,-1.55584955168,-1.06298726719,-1.0449824255
768,5,1.31835945064,0.514862651014,0.698073547473
769,6,-0.251725282129,1.25915547711,1.2791472924
770,2,-0.681279356554,-0.606489831726,-0.158551776966
771,1,-0.41522855966,-0.881266224399,0.0122766033718
772,2,1.0515050168,1.82257552839,2.26851789309
773,3,-1.04735618661,0.142536972876,0.0120551220181
774,2,-0.584741635439,-0.560618191087,-1.08254091879
775,6,0.318299280794,-0.107709288303,0.996907857593
776,6,0.589623454981,-0.465846158155,1.00007314208
777,3,-0.439942623938,1.36870090376,-0.684048206987
778,6,3.02864571253,3.28675791325,1.81947910776
779,2,-0.160561032625,-1.99512566849,-0.620562095317
780,1,-1.71225753704,0.0139481280999,-2.1141332005
781,7,0.390838985451,2.93778799057,1.73551440344
782,5,1.42066890466,0.807999211007,0.689018339609
783,5,2.26041653151,0.703028763792,-0.832177164464
784,0,1.73310407767,1.97125679303,2.23908282245
785,3,0.0395424474454,-1.51078363867,-1.92377641027
786,5,0.784441719548,2.81855325159,1.19583086944
787,5,0.966821495147,-0.245335501102,0.773165672366
788,7,0.0570968011672,1.75591527569,-0.173232529077
789,4,-1.49392286314,-1.59424143349,1.10733075403
790,3,0.395755564668,-0.814228555429,0.509681598679
791,2,2.33536538314,0.351350907256,1.53228486505
792,4,-0.297731369011,1.00592132459,-0.564873085141
793,4,0.647907626413,-1.63379346645,-0.0365378056234
794,3,0.0484858227604,0.366856276636,-0.156815502864
795,3,1.28016397059,2.08446018768,-1.3479877358
796,3,-0.978813632508,-0.30097597012,-0.306822121304
797,1,-0.687696793381,-0.78973055024,-0.421858883001
798,6,1.16803248897,2.46771957826,0.934031637058
799,1,-0.796377454586,-0.827878187449,-0.485951742189
800,1,-0.142478886472,-1.40427851017,1.03540121818
