id,true_breeding_value
1,0.656224090383
2,-0.233123554907
3,-0.904027652433
4,-0.451721393079
5,-0.0582605229297
6,-0.210481386551
7,-0.565894056176
8,-1.41514038916
9,-0.839411023118
10,1.23284335146
11,-1.45794580474
12,-0.327807083056
13,0.484323562852
14,-1.14060282342
15,-0.916778363821
16,1.10729855111
17,-0.108238449816
18,0.631613876862
19,-2.1942635951
20,-0.75287389304
21,-1.7444627585
22,1.23314490602
23,0.604099665641
24,1.01118269488
25,0.00603675693514
26,-0.193764173278
27,0.182982158947
28,0.913217025339
29,0.778752503382
30,0.0149674143932
31,-0.211510184484
32,0.426281643419
33,-1.36408906505
34,0.0231858823689
35,1.05098916647
36,-0.301614914935
37,0.209774456003
38,-0.227934266732
39,0.549567199927
40,-0.359632561067
41,-1.59299328989
42,-0.974300620838
43,-0.280249720881
44,-0.828355372533
45,0.163220644917
46,-0.683126675632
47,-1.78430016339
48,0.534676126095
49,0.464284620463
50,-1.39425490899
51,1.3470361023
52,-0.184471578583
53,-1.01956858075
54,-0.516505848376
55,0.580676196411
56,-1.00725799039
57,0.383749218238
58,0.593379483098
59,-0.972444497187
60,0.337367718558
61,0.140323080422
62,-0.384043577613
63,-0.080547932015
64,0.164404568475
65,-0.963069154252
66,-0.6518806949
67,1.91756159293
68,-1.01557065053
69,-0.0111398540437
70,0.463367800482
71,0.328644024993
72,-0.538370456756
73,0.763269834223
74,-0.0599626193924
75,0.629446250077
76,-0.388631233966
77,-0.169093013216
78,0.970930235291
79,-1.15855573925
80,2.13015720634
81,-0.400393193332
82,0.91339661464
83,0.345374403544
84,-1.62806374995
85,-0.474468779698
86,-2.46399770012
87,0.400195207714
88,-1.19109726704
89,1.72196111338
90,0.157922756577
91,0.369559511822
92,-1.47748168631
93,-0.201075120763
94,0.620064347503
95,0.745676361869
96,-1.62820593779
97,0.591093867598
98,-0.109774828038
99,1.38737597291
100,0.365907144381
101,-0.0147742472568
102,0.648209801285
103,-1.13597992516
104,-2.2112205523
105,0.45374239617
106,-1.52749978776
107,-0.73307917463
108,0.775343019257
109,0.386617111223
110,-0.126567257207
111,-1.01829494614
112,1.70160545057
113,-0.857917177492
114,-0.199244902739
115,0.513460484281
116,0.0400486296419
117,-1.38003124839
118,0.609601834718
119,0.301059981094
120,-0.806001684969
121,-0.292057217953
122,0.648588674594
123,-0.0695990223691
124,-2.01625474413
125,-0.141189854276
126,2.88459152324
127,1.47812822352
128,-0.431227567243
129,-1.07179282136
130,0.466259341659
131,0.698934352621
132,-0.588839563382
133,0.875401538131
134,-0.352425175406
135,0.317572377208
136,1.36609151478
137,0.810448152739
138,-0.609909926114
139,0.519912176825
140,0.467733700267
141,-0.636959468532
142,0.412911581694
143,-1.22523312722
144,0.277193717546
145,0.835161343565
146,0.282832751028
147,-0.492308771041
148,-0.597516810271
149,-0.80047796178
150,0.114184397793
151,0.377629998874
152,-0.307925167492
153,-1.24158124623
154,0.244190164914
155,0.0351691232855
156,-1.07745042469
157,-1.7199334571
158,-0.433457289973
159,1.26719224287
160,-1.5017903135
161,-0.26719863056
162,-0.506696388649
163,-0.102666971088
164,-0.526636824005
165,-0.738901310097
166,-1.08283283876
167,1.50435385365
168,1.42657215352
169,2.04520184779
170,-0.632991460886
171,-1.51013662323
172,-0.0237216177376
173,1.85755335456
174,0.181608459833
175,0.774570141347
176,0.389063347092
177,-0.434618167962
178,0.775056163865
179,0.212589322653
180,-1.02242791851
181,0.778644534555
182,-1.05722764915
183,-0.361076715922
184,1.17966538043
185,0.167138403232
186,-0.686342699877
187,0.0379913958191
188,0.956321944642
189,-1.28854812231
190,0.704782649195
191,0.161992108016
192,1.34062858405
193,0.0598027468678
194,-1.11050448336
195,0.405038901736
196,1.42954629564
197,0.481521267695
198,0.12115076002
199,1.52175597379
200,-0.229353465707
201,-0.433842651279
202,0.523573064701
203,-0.471530201962
204,0.674775795025
205,-0.0385810860526
206,-0.755288732519
207,-0.523929680615
208,0.881251436477
209,-0.812623521193
210,0.300099001805
211,-0.540304251707
212,1.09974902904
213,0.308569063215
214,0.953836870974
215,0.0399649826132
216,-0.714019724066
217,1.88038337705
218,-2.1435677788
219,-1.39798185394
220,-0.136347569182
221,-1.52361023227
222,0.120261379332
223,1.17018864302
224,-0.271543983294
225,1.15872801467
226,1.18709044938
227,0.0126810773542
228,-0.227644801825
229,0.608597954352
230,-2.31445962204
231,0.130231956681
232,0.0305891567299
233,-0.273978100787
234,-0.577481382904
235,-0.670898269181
236,-0.165763045291
237,-1.46580393926
238,0.510281618137
239,-0.00988899898929
240,-0.305718659194
241,1.39087343744
242,1.03340365831
243,-0.568463305944
244,0.416527386335
245,-1.43888670626
246,0.421538250281
247,0.379911558077
248,-0.786375903144
249,-1.03706334774
250,-1.70951604618
251,-0.42828198594
252,-0.992021922949
253,-0.189321323035
254,0.524983598801
255,1.15108317378
256,-0.137373307146
257,-0.570618191879
258,-0.492743483595
259,0.0168884714002
260,0.31746196236
261,-0.0136887267053
262,-0.360883940973
263,0.584410480277
264,-1.78474838615
265,-1.9137554351
266,0.239656290024
267,1.41675141706
268,-1.00455171381
269,-0.397782407317
270,-1.43701381747
271,0.872090998307
272,-0.880220247903
273,0.527371559737
274,-0.617623834751
275,0.179335326233
276,1.10200286684
277,-0.613371787221
278,-0.333097638183
279,-1.18084809071
280,-0.884360295964
281,-0.308988002821
282,0.514546393372
283,-0.57258681263
284,1.76692777574
285,-1.09863367355
286,-0.186941203907
287,0.37241946632
288,-0.0106943593058
289,-0.918638006853
290,-0.147367927945
291,0.996176446039
292,-0.931462833951
293,0.108970716777
294,-1.21160002343
295,1.07660242474
296,-1.4612258948
297,-0.672559600451
298,-0.216289521572
299,0.429648524595
300,-1.87221900811
301,-0.50722898642
302,0.399162003713
303,-0.688258735455
304,-2.14373960046
305,-0.148723388848
306,-1.30324149862
307,1.31553481282
308,1.51503389249
309,-2.32165735509
310,-1.90784491014
311,-0.258804779902
312,1.22227127982
313,0.0499675349155
314,-0.147876897836
315,0.0144973518707
316,-1.14409944772
317,0.0334376256597
318,-0.80824029548
319,1.18310557498
320,-0.172682351911
321,-2.57275283071
322,0.210525637613
323,0.283717946026
324,-1.48907638038
325,0.448224112438
326,-0.109478163712
327,-0.562305280438
328,0.533375730148
329,-0.966736435897
330,0.60499472239
331,-0.797145242085
332,1.44838662826
333,-0.12334760941
334,0.332804196384
335,0.355606415786
336,0.635663793648
337,-0.212060482646
338,-0.774332101331
339,1.56050387137
340,-0.606212185514
341,-0.924941983826
342,-0.759013380466
343,1.06450296175
344,0.669682919259
345,-0.0955607418573
346,0.486287581744
347,0.393027458718
348,-0.293458771752
349,-1.00684729551
350,-0.00400572819603
351,0.538495802118
352,0.785556960152
353,1.17062094266
354,2.52504735463
355,0.752831773632
356,0.0151323240221
357,0.341097031188
358,-0.0137653046509
359,-1.18930146754
360,-0.414086072832
361,-1.90876667555
362,-0.98308540426
363,1.13345305336
364,-0.458107778112
365,-0.717293215233
366,0.203090385335
367,-0.50658510018
368,0.619195834598
369,-0.761767930999
370,0.800920783495
371,-1.10174564781
372,0.536118700391
373,0.275459462298
374,0.292561854245
375,0.159013701641
376,1.21223760703
377,-0.549061042173
378,-0.811570191531
379,0.220260708552
380,-0.800793348437
381,0.557803927592
382,-1.31828325771
383,-1.79596290595
384,-0.796851310982
385,0.617141750494
386,0.340950279885
387,-1.04220083798
388,0.10043537882
389,-0.11563290033
390,0.295581385073
391,2.41139732765
392,-0.0349055343367
393,-0.368531137216
394,0.0281118221175
395,1.46174399868
396,0.60809279963
397,0.861649028504
398,0.374915955606
399,1.25594910286
400,-0.829076402217
401,-0.518363925768
402,-0.707914312707
403,0.188909667089
404,0.694514733502
405,0.0656032831146
406,1.79337254147
407,1.4632282696
408,0.752066466306
409,-0.0664119789353
410,0.208245682898
411,0.317465272919
412,-2.30889065573
413,0.607697303437
414,0.436643461504
415,-0.0771046656105
416,1.70476020256
417,0.236078543396
418,0.875438817881
419,-1.19481012315
420,-0.394459962842
421,-0.50977759347
422,0.0910717338682
423,-0.58401676487
424,1.17400881759
425,0.532594024223
426,1.15704476679
427,-0.629783558424
428,1.80685573678
429,0.307692434855
430,-0.782926782856
431,0.0362015059589
432,2.61952005579
433,-0.107930718959
434,0.316490145313
435,1.68073603009
436,-1.25402795797
437,-0.103300267784
438,1.42296151654
439,0.9129957059
440,0.163577054772
441,-3.19664334268
442,0.102849285343
443,0.85245313022
444,0.503936470162
445,-1.29060321362
446,1.32035443627
447,0.0110160395737
448,-0.119683108769
449,-1.21355449501
450,0.249271439736
451,-0.811601616565
452,-0.256083532724
453,1.02067458443
454,-0.061200314348
455,-1.21285891421
456,0.272584039385
457,0.417637788853
458,-0.970642185008
459,0.0254765668525
460,0.0901979243889
461,-0.621860216276
462,1.81992722023
463,-0.746133803929
464,-1.41048399686
465,0.517312569061
466,1.60383977269
467,1.44953648988
468,-1.89986165222
469,0.0804201421005
470,-1.6283910278
471,0.952650569262
472,0.666764577986
473,-1.41058464338
474,0.776729098576
475,-2.38121032233
476,0.556935070817
477,-1.63381274054
478,0.70231460255
479,2.14411277445
480,-2.13800712111
481,-0.44452292677
482,-0.809315485608
483,1.08552541394
484,0.841426698794
485,-0.311872992289
486,-0.221864558355
487,0.42124977763
488,-0.433537177611
489,-0.507763527624
490,0.352875539738
491,0.261759368363
492,0.337973042739
493,1.10916216629
494,-1.56111765348
495,-0.531217147794
496,1.57856072869
497,0.367779338237
498,-1.03163641883
499,-0.871192829964
500,0.0252240126279
501,0.672418080474
502,1.41802890816
503,-1.06814533426
504,-0.904999553647
505,0.0530436940749
506,0.614489223309
507,-0.323658732653
508,-0.837512744931
509,-0.554733299002
510,0.161606630261
511,-0.179291967933
512,-2.36832089296
513,1.04140382466
514,1.05646629427
515,0.292978283678
516,1.39012613386
517,-0.364511568205
518,-0.259365872623
519,-0.332632531599
520,-1.17168700891
521,1.08829074085
522,1.317858325
523,0.425172802459
524,-1.64903220973
525,-0.0405671008882
526,0.339652786107
527,-0.549151443693
528,-1.03038640493
529,0.500895296768
530,-1.23027421997
531,0.213463667255
532,-0.865461645819
533,-0.830966108123
534,-1.79777081325
535,1.02334411622
536,0.00650547710676
537,-0.521630348544
538,-0.0964364513428
539,-0.639799625006
540,0.513953125463
541,-1.42390667195
542,-0.71506516795
543,1.02737114364
544,-0.0117237960375
545,-0.138958931012
546,0.685957830504
547,-0.338323589264
548,2.65271951909
549,1.0132356476
550,-1.98900861507
551,0.947035574803
552,0.900485901462
553,-1.39966189252
554,0.891874730071
555,1.18063177526
556,1.58349029537
557,0.25284323029
558,-0.0901562186377
559,0.850086502677
560,-0.030717796596
561,0.51292083895
562,-0.615446387399
563,-1.45048439229
564,-1.60295905572
565,0.0993317163287
566,-0.964232437979
567,0.577068848546
568,-1.77269085028
569,0.735077921165
570,0.901978180334
571,-0.296611751311
572,0.789516698837
573,-2.24098279287
574,-0.391217884564
575,-0.512430560574
576,1.08137399457
577,-0.334066185379
578,0.260698683943
579,-1.26948924483
580,-0.175341585111
581,-0.79145920452
582,0.655821290842
583,0.271099479509
584,-1.05993193589
585,1.35644857162
586,0.335611806339
587,1.36176429917
588,-1.3833587469
589,0.793999872411
590,0.927436447452
591,1.48192178279
592,0.112600909198
593,-0.125327444536
594,0.457452311571
595,-0.460688258155
596,-1.19749150787
597,-0.591569298436
598,0.235784448247
599,0.123625536393
600,1.18242253307
601,-0.248740769288
602,1.80393348352
603,-0.00528454780727
604,0.112146145906
605,1.29471746576
606,-0.541132055229
607,-1.22677705491
608,-0.0366579725253
609,0.231720597645
610,1.77059433899
611,0.71947076855
612,-1.10057795281
613,-0.392998112034
614,0.581794222444
615,-0.801890255164
616,1.0824206047
617,-2.76036356966
618,1.22269249327
619,1.50418064905
620,-0.876586013334
621,-0.831344294569
622,0.161355164596
623,-2.6924917088
624,0.622496916656
625,-0.00293053413119
626,-0.295822356298
627,-0.58303163049
628,0.231417479717
629,-0.696354472826
630,-0.931722348002
631,0.520667796723
632,0.834684679302
633,-1.19340217481
634,-0.00674620968805
635,1.36706996739
636,0.00150447923614
637,-0.956393472954
638,0.951320912528
639,-0.190201287379
640,2.40321383983
641,0.845525598692
642,-0.712521665179
643,0.385121962354
644,-0.595008487888
645,-0.0280130540955
646,-0.275357726397
647,1.011471858
648,-0.824811971212
649,1.26859578458
650,-1.13814075446
651,-1.64072664424
652,-0.388728417932
653,-0.811632848158
654,0.211519076946
655,-1.06109759293
656,0.217016456871
657,0.997461504319
658,1.78825270039
659,1.23389202885
660,-0.503537088981
661,0.447845466305
662,0.348752421057
663,0.948770799852
664,0.663779969702
665,1.50346766874
666,0.790707896523
667,-0.351127442554
668,-0.161316661779
669,-0.965955875709
670,0.454040925187
671,0.507238302499
672,-1.50711125482
673,0.772286336928
674,-0.458924031097
675,1.37928600928
676,0.0685572184161
677,0.763764707842
678,-0.827097610773
679,-2.11704377607
680,-0.306858524531
681,-0.526064079218
682,0.311678161209
683,-0.684432690671
684,-0.915199864257
685,0.415553087863
686,-0.651430244626
687,-0.0415689751006
688,1.2207653669
689,1.20226053191
690,-0.996267113882
691,1.14799033124
692,0.318405081173
693,0.22148953147
694,0.779315774807
695,-1.43955275963
696,-0.178898448295
697,0.247932677695
698,2.44954065786
699,0.136496861458
700,0.0672545043177
701,-0.2782912572
702,3.24693705318
703,0.811527221192
704,-0.0831773590827
705,-0.982500998347
706,1.89773491307
707,-0.111209054096
708,0.855180288842
709,2.99181491219
710,-0.489623729016
711,-2.66603628674
712,0.109156630396
713,0.271593237165
714,0.207907873563
715,1.83649777952
716,0.175884496365
717,-0.37811091432
718,-0.170090584371
719,-0.589975631185
720,0.211317153163
721,-0.77359282165
722,0.942850488234
723,0.611068577628
724,2.17791332308
725,-1.91206239872
726,0.0556254774255
727,-0.139920457894
728,-0.236415947314
729,-0.0115379846343
730,1.51190159916
731,0.528624183532
732,-0.726638020401
733,0.256070371452
734,-0.689506813035
735,0.291215026044
736,-1.93173684027
737,-0.0646157568545
738,1.53553090013
739,-0.74702590764
740,0.690835119289
741,-1.30928724141
742,0.551652049482
743,1.20928652377
744,-0.651111676835
745,-1.5617776139
746,0.892467102449
747,-1.03931658662
748,0.96941370533
749,-0.147571333041
750,0.621576831178
751,0.372254909479
752,-0.772472963015
753,1.41802562027
754,0.362460234132
755,2.49961653312
756,0.718210500117
757,-0.369015173494
758,2.19595905838
759,0.26252352171
760,0.0421319613825
761,0.637625347702
762,-0.168088347714
763,0.727352343203
764,-1.26633871819
765,-0.79343954403
766,-1.53271227168
767,0.507944180229
768,0.152453968782
769,0.548572270769
770,-0.0380755545752
771,-0.517770822609
772,1.24720432846
773,-0.432505722649
774,-0.913603528577
775,0.609644045269
776,0.213669896973
777,-0.406333654644
778,0.970648243843
779,-0.814422898806
780,-0.863442598673
781,1.12452545666
782,1.42565548687
783,0.91770526204
784,2.51353632162
785,-0.458378114233
786,1.70206072946
787,-0.589420651786
788,0.108040684715
789,-0.194352786658
790,-0.368539464269
791,1.68283057649
792,-0.665106186463
793,0.33161146399
794,0.658150838139
795,0.146806753548
796,-0.383741015321
797,-1.4554147701
798,1.24513677262
799,-1.2398150757
800,0.632838513076
